Steps,Policy/Entropy,Policy/Learning Rate,Environment/Lesson,Policy/Extrinsic Value Estimate,Policy/Curiosity Value Estimate,Policy/Extrinsic Reward,Policy/Curiosity Reward,Environment/Cumulative Reward,Environment/Episode Length,Losses/Value Loss,Losses/Policy Loss,Losses/Curiosity Forward Loss,Losses/Curiosity Inverse Loss
4023704,1.1328775,9.995974e-06,0.0,0.021003863,0.0041814703,-1.0022357064881362,0.0022330679930746555,-1.0022356920820146,31.375,0.00049729465,0.023429776,0.0023092616,0.016093254
4024705,1.1327881,9.995974e-06,0.0,0.019903991,0.0042658094,-1.4854859230690636,0.021517753484658897,-1.485485922799087,415.0,0.00026162155,0.02427615,0.0021774203,0.018206432
4025704,1.1326957,9.995973e-06,0.0,0.016707256,0.0043487316,-0.8305264028422243,0.027453094196971506,-0.8305264188945207,639.25,0.00019316887,0.024895953,0.0021819586,0.019564012
4026705,1.1326866,9.995973e-06,0.0,0.012588099,0.0045309854,-0.9614923607150558,0.04833661853626836,-0.9614923534831092,929.5,0.00029720095,0.022522306,0.0021335096,0.019480165
4027705,1.1325984,9.9959725e-06,0.0,0.018401016,0.0046289735,-0.010116626381724407,0.0871643904330475,-0.010116612435377583,1732.4285714285713,0.00022873201,0.025684502,0.0022965148,0.0190237
4028704,1.1325895,9.995972e-06,0.0,0.022310743,0.004752872,0.5470087608950962,0.09049713756576239,0.5470087615405588,1889.75,0.00037262606,0.022556756,0.0021979262,0.01969716
4029705,1.1327273,9.995972e-06,0.0,0.017628483,0.004719308,0.24316515836275357,0.08823955744679551,0.2431651604250995,1856.72,0.0005128048,0.02250915,0.0022838106,0.018736243
4030704,1.1327554,9.99597e-06,0.0,0.027594708,0.004924861,0.629418585649731,0.10094895341997903,0.6294185902669962,2149.0338983050847,0.00049598084,0.02323568,0.0023734516,0.01831876
4031704,1.1327195,9.995969e-06,0.0,0.033161037,0.004948088,0.582516299544371,0.11404417015849806,0.5825162986947118,2478.25,0.00028389043,0.021852987,0.0024000907,0.017764274
4032705,1.1326245,9.995968e-06,0.0,0.02568866,0.004893156,0.5538417020245409,0.10835084400993461,0.5538416965769462,2374.6666666666665,0.00031977717,0.024127038,0.002339658,0.018190507
4033704,1.1326419,9.995966e-06,0.0,0.028007178,0.004928554,0.5810795168017381,0.11826381022761137,0.581079514103313,2599.5588235294117,0.00025779888,0.022873657,0.002359055,0.017218392
4034705,1.13265,9.995966e-06,0.0,0.02098282,0.004684757,0.5185200690316595,0.11686858865765057,0.5185200693878033,2458.9523809523807,0.00022422428,0.023769924,0.0023121282,0.018649118
4035705,1.1326013,9.995964e-06,0.0,0.017068397,0.0045164367,0.2454942081002238,0.09723802859558159,0.24549421119038392,1997.357142857143,0.00035343488,0.022876805,0.00211506,0.020015905
4036704,1.1325237,9.995964e-06,0.0,0.023202026,0.0045287744,0.39762271965576346,0.1037800470915889,0.3976227153513986,2123.4857142857145,0.00029592885,0.023686143,0.0022813606,0.01872716
4037704,1.1324961,9.9959625e-06,0.0,0.029547669,0.004600635,0.6212474757376185,0.11068277974531206,0.6212474726951015,2276.864864864865,0.00025174534,0.024237815,0.002338019,0.018197708
4038705,1.1324307,9.995961e-06,0.0,0.026813079,0.004627004,0.6156298849684176,0.11020527127445401,0.615629886097442,2330.5882352941176,0.00019186297,0.022133334,0.002240691,0.01871102
4039704,1.1324621,9.995961e-06,0.0,0.025415003,0.004595948,0.41181818701453654,0.10681358802331878,0.41181818523461045,2215.285714285714,0.00033871137,0.02385114,0.0023125424,0.018093884
4040704,1.1324663,9.995959e-06,0.0,0.024468517,0.0045838086,0.4222544668328565,0.11529072625971576,0.4222544639727626,2425.2162162162163,0.00036871608,0.023937616,0.0022219797,0.018719029
4041705,1.1323328,9.995959e-06,0.0,0.021828981,0.0046970244,0.5646814836063954,0.11861106242928333,0.5646814832636492,2548.137931034483,0.00025922622,0.025581377,0.002211195,0.018994125
4042704,1.1322737,9.995957e-06,0.0,0.015962007,0.004468907,0.29232621032741885,0.10190356020908,0.29232621247779245,2061.103448275862,0.00033452088,0.021564202,0.0021816795,0.01847581
4043705,1.1323013,9.995957e-06,0.0,0.014911276,0.00437792,0.38505192115607156,0.11106352589730009,0.3850519191561022,2335.323529411765,0.00034983642,0.022228919,0.0021461744,0.019460762
4044704,1.1322399,9.995956e-06,0.0,0.018093439,0.004529081,0.2699220949938275,0.11229763020403749,0.26992209155439484,2411.7714285714287,0.00037590356,0.024015239,0.0021934698,0.019690666
4045705,1.1321671,9.995956e-06,0.0,0.030536417,0.0049491557,0.6933115807826129,0.12180764946176416,0.6933115782208503,2622.0,0.00016611368,0.024427006,0.0024767148,0.017771889
4046704,1.1321357,9.995953e-06,0.0,0.027828123,0.00471484,0.4694233708127411,0.11311884464170173,0.46942337719477234,2422.1724137931033,0.0002885234,0.023841912,0.002152094,0.017885845
4047704,1.132156,9.9959525e-06,0.0,0.02546819,0.0046430826,0.4978301812359994,0.10856362090109745,0.4978301822696591,2217.1481481481483,0.0002720736,0.02174446,0.0024020013,0.018971404
4048704,1.1321201,9.9959525e-06,0.0,0.026985075,0.005060148,0.3869712509988555,0.11083559683498202,0.38697125224678597,2379.866666666667,0.00032776716,0.023675961,0.002515708,0.018267553
4049704,1.1321504,9.995949e-06,0.0,0.029059304,0.0049376367,0.5316956729762145,0.1277391751956505,0.5316956701593877,2726.366666666667,0.00039386287,0.022446228,0.002396011,0.017622232
4050704,1.1321038,9.995949e-06,0.0,0.036063105,0.004844806,0.6661103395485635,0.1183031592369188,0.6661103341305621,2499.3953488372094,0.00024476106,0.022632532,0.0023321141,0.01775571
4051704,1.1321217,9.995949e-06,0.0,0.028860025,0.004798766,0.5642925143355012,0.11350740792582772,0.5642925174727965,2356.3225806451615,0.00023809263,0.024104338,0.002264151,0.01840337
4052704,1.1322116,9.995947e-06,0.0,0.025098525,0.0047100997,0.48960251653496073,0.11680531678646203,0.4896025193831593,2392.7419354838707,0.00033295434,0.022822157,0.0022536013,0.017961131
4053705,1.1322143,9.995945e-06,0.0,0.02011337,0.0046227104,0.42561672169265474,0.1022843478088517,0.42561671771594084,2102.4146341463415,0.00038311977,0.02541872,0.0021948195,0.018376162
4054704,1.1322196,9.995945e-06,0.0,0.015069912,0.0043339636,0.47546256162837275,0.11208054866138435,0.4754625641690909,2329.764705882353,0.00032932736,0.025346454,0.002037536,0.018208928
4055704,1.1322867,9.995945e-06,0.0,0.024857098,0.0045762984,0.5753870543090231,0.11291497361099605,0.5753870604322018,2411.6206896551726,0.00018047342,0.024854153,0.0022138031,0.018322077
4056704,1.1323713,9.9959425e-06,0.0,0.020280985,0.004562735,0.2977784305812472,0.09625248196640644,0.2977784267755844,2019.090909090909,0.00027310452,0.024190996,0.0022266058,0.019984324
4057704,1.1323185,9.9959425e-06,0.0,0.031532716,0.004851998,0.6281253419986791,0.11690753065773311,0.6281253406684408,2504.162162162162,0.00023500748,0.024279267,0.0023709906,0.018628465
4058704,1.1323047,9.9959425e-06,0.0,0.0283139,0.004876292,0.5014995184575071,0.10294774899375625,0.5014995219834797,2206.9375,0.0003524124,0.024127357,0.002323768,0.017900262
4059704,1.132304,9.995941e-06,0.0,0.02963069,0.0048264335,0.567922249928597,0.1103733656287659,0.5679222425087956,2403.2,0.00021950826,0.023646826,0.0022553124,0.018747889
4060705,1.1323276,9.995941e-06,0.0,0.03086156,0.0047527216,0.5944800622755793,0.11135290926733218,0.594480062984689,2410.8529411764707,0.00023638725,0.024051815,0.0022825939,0.019195084
4061704,1.1323459,9.995938e-06,0.0,0.027937239,0.0048232507,0.6460245651199928,0.1093569033887101,0.6460245700407088,2332.1951219512193,0.0002624907,0.022174597,0.0022785466,0.01962184
4062704,1.1323352,9.995937e-06,0.0,0.02439227,0.0047978153,0.5851653732570412,0.1134122756140476,0.5851653755041165,2385.969696969697,0.00025248292,0.025834989,0.00226951,0.018746864
4063704,1.1324265,9.995937e-06,0.0,0.02164443,0.0049124225,0.26546753571298776,0.1001563835221425,0.2654675356565025,2038.6176470588234,0.0003624679,0.021413518,0.002261001,0.018863391
4064705,1.1324205,9.995936e-06,0.0,0.024148727,0.0046009803,0.6941448222000872,0.1096722719794343,0.6941448198464075,2377.3125,0.00017963679,0.024047816,0.002118033,0.019751674
4065704,1.1323276,9.995934e-06,0.0,0.021270115,0.004477943,0.49722312631005977,0.10778978912540796,0.49722312510554206,2276.409090909091,0.00019194995,0.024065517,0.0020723178,0.020128656
4066705,1.1323062,9.995934e-06,0.0,0.021281088,0.0044634314,0.27270390784839327,0.09745971153805792,0.2727039043200897,2037.7368421052631,0.00048282975,0.024104465,0.0021485437,0.01888617
4067704,1.1323236,9.9959325e-06,0.0,0.02356952,0.0044978196,0.4720308129353492,0.11013305042303191,0.47203081567363014,2404.6153846153848,0.00039422122,0.02543249,0.002150991,0.0188317
4068705,1.1323371,9.995931e-06,0.0,0.022554016,0.0045973933,0.31769577397262766,0.10777440196470707,0.3176957720977794,2364.575,0.00042288937,0.0220134,0.0021625273,0.01884691
4069704,1.1323524,9.99593e-06,0.0,0.030699784,0.004585148,0.7775745462458604,0.12118992531288635,0.777574544510452,2748.323529411765,0.00019910172,0.022442069,0.0021376228,0.01899288
4070704,1.1323438,9.99593e-06,0.0,0.023327077,0.00437555,0.40850023288823484,0.09845781959787321,0.4085002317868798,2243.7272727272725,0.0003517524,0.022959895,0.002140908,0.018623017
4071704,1.1322669,9.995928e-06,0.0,0.02295827,0.004501223,0.49339642660584104,0.10622619096320704,0.49339642492009694,2328.775,0.0003583323,0.024415122,0.0022336221,0.01909827
4072704,1.1322488,9.995928e-06,0.0,0.02753165,0.004534726,0.7837941805116012,0.1209713748324214,0.7837941816947983,2671.703703703704,0.00020921942,0.025681661,0.002281899,0.018421186
4073704,1.1322201,9.995928e-06,0.0,0.023783877,0.0046183495,0.48878749476062483,0.10628000909883457,0.4887874988548763,2347.269230769231,0.00021451364,0.026038256,0.0021583717,0.019120334
4074705,1.132136,9.995926e-06,0.0,0.021326082,0.0045382865,0.3853654410450569,0.10281686818052549,0.38536543949859514,2222.633333333333,0.00024649064,0.024512358,0.002219779,0.01853965
4075704,1.1320256,9.995924e-06,0.0,0.026775768,0.004590115,0.5047545132476099,0.10354102652746479,0.5047545097194357,2282.5135135135133,0.00030662486,0.02260689,0.0022655507,0.01889858
4076704,1.1320294,9.995924e-06,0.0,0.03099163,0.0046544597,0.6982650969959704,0.11083134733352755,0.6982650963912423,2374.176470588235,0.00013811416,0.023539955,0.0022056585,0.019341111
4077704,1.1320552,9.9959225e-06,0.0,0.024656909,0.004649868,0.5168007059479793,0.10644889125723166,0.51680071124088,2316.5675675675675,0.0002071312,0.022849267,0.0022134879,0.020870853
4078704,1.1320647,9.995921e-06,0.0,0.026698852,0.0047257585,0.4098366175634874,0.11007010298315435,0.40983662102488566,2399.0,0.00034627732,0.024431825,0.0023018017,0.019168558
4079704,1.1318862,9.995921e-06,0.0,0.030106597,0.0047560385,0.5920483161728823,0.11301247478141227,0.5920483124608544,2491.714285714286,0.0003293284,0.02291685,0.0021986119,0.01880138
4080704,1.1319177,9.995919e-06,0.0,0.025702043,0.0045000305,0.4248393947477275,0.10045403726689983,0.4248393950882621,2111.5,0.00032277041,0.024232458,0.0021810597,0.019643862
4081704,1.131805,9.995919e-06,0.0,0.02317169,0.0044589117,0.3148951916548068,0.09907928728286854,0.31489519708930147,2121.6969696969695,0.0003343981,0.024057249,0.0021865636,0.020203516
4082704,1.1317239,9.995917e-06,0.0,0.021978822,0.00452311,0.4928934414465881,0.10241531156536535,0.4928934354212145,2205.0526315789475,0.00043597657,0.023669265,0.0021960845,0.01991111
4083705,1.1317085,9.995916e-06,0.0,0.027459078,0.0047024805,0.701719506041572,0.11762850382541673,0.7017195063105687,2546.181818181818,0.0002032852,0.024767201,0.0023281523,0.019079007
4084704,1.1317356,9.995916e-06,0.0,0.025145974,0.004605774,0.6003227125153805,0.10140516337384631,0.6003227215583233,2129.0689655172414,0.0002552815,0.023075191,0.0021456995,0.019944223
4085704,1.1317905,9.995915e-06,0.0,0.028825272,0.0045450376,0.4672273170834362,0.10205529982663898,0.4672273140219454,2174.822222222222,0.0003950108,0.023836195,0.002251051,0.019170303
4086705,1.1316147,9.995914e-06,0.0,0.027782798,0.004515189,0.5329811554255381,0.1011244212257831,0.5329811501770112,2202.2,0.00018116072,0.022377409,0.002245124,0.019061705
4087704,1.131625,9.995913e-06,0.0,0.0346843,0.004668182,0.7445157690363582,0.1155319650832098,0.7445157622867805,2476.266666666667,0.0001281191,0.023074249,0.002301693,0.018227974
4088704,1.1315563,9.995913e-06,0.0,0.031921286,0.0047733285,0.6172974793439484,0.11212640079808094,0.6172974773684462,2456.4594594594596,0.00016138612,0.02427865,0.0022112648,0.019257646
4089704,1.1315484,9.995913e-06,0.0,0.034172915,0.0046991445,0.6672267127908307,0.11506126744768999,0.6672267232921021,2489.0689655172414,0.00012721738,0.024515305,0.0022065877,0.018176645
4090704,1.1315049,9.99591e-06,0.0,0.03606379,0.0045725578,0.8230701911262176,0.11647586998438011,0.8230701867495045,2496.6969696969695,0.00012843635,0.023391,0.002246815,0.017895889
4091704,1.131563,9.99591e-06,0.0,0.03034082,0.00456687,0.6007452288357289,0.09940051454798998,0.6007452293362419,2071.5405405405404,0.00028317136,0.025261614,0.0022073325,0.019388929
4092704,1.1315494,9.99591e-06,0.0,0.035257604,0.0045751096,0.7015572727010103,0.11146617993883985,0.7015572723150036,2375.9473684210525,0.00027206057,0.021472787,0.002297146,0.018113619
4093704,1.1315913,9.995908e-06,0.0,0.03145569,0.004721279,0.7376602024779559,0.11513214342347863,0.7376602090795317,2421.222222222222,0.00016613395,0.023062397,0.002303363,0.017198656
4094704,1.1316072,9.995906e-06,0.0,0.02968652,0.004694928,0.6903640071000701,0.11010006916709245,0.6903640023585492,2346.8,0.00017732372,0.024018928,0.0022652082,0.018028764
4095705,1.1316463,9.995904e-06,0.0,0.029865656,0.004606357,0.5842597309197117,0.09845184454025002,0.584259731241866,2057.25,0.00028889236,0.023414114,0.00220263,0.01825742
4096704,1.1316853,9.995902e-06,0.0,0.031448863,0.0046397047,0.626711706842616,0.11339892374671763,0.6267117057258732,2491.775,0.00024338042,0.022614578,0.0021872025,0.017534444
4097704,1.1317066,9.995902e-06,0.0,0.033512566,0.004538847,0.6049271755837253,0.11088150833653877,0.6049271778999556,2363.2195121951218,0.00032002042,0.024752026,0.0022090215,0.017958721
4098704,1.1317116,9.9959e-06,0.0,0.028617924,0.004554847,0.51997842175314,0.10359728956592291,0.5199784176077872,2224.809523809524,0.0003720349,0.024993611,0.0022678464,0.018161107
4099704,1.1316761,9.9959e-06,0.0,0.022552496,0.004472995,0.5047894369122682,0.10210868626988183,0.5047894398068871,2150.3846153846152,0.00030399824,0.025010873,0.002196362,0.017809656
4100704,1.131585,9.9959e-06,0.0,0.021631876,0.0042907214,0.5585022658310224,0.1103955140128927,0.5585022639646157,2428.2258064516127,0.00018998222,0.022819608,0.002189224,0.01822065
4101704,1.1316115,9.995898e-06,0.0,0.025307912,0.00453185,0.4133541185201466,0.10231893827159215,0.4133541151124764,2155.655172413793,0.00025746916,0.022875223,0.0022878097,0.018638687
4102704,1.1316545,9.995898e-06,0.0,0.024023935,0.0044910274,0.3397288542575111,0.10157524517060003,0.3397288561190081,2191.6060606060605,0.0003643791,0.025344048,0.0022308691,0.018462148
4103705,1.1316313,9.995898e-06,0.0,0.02393675,0.0044229217,0.47088312012262273,0.10323220614227466,0.4708831168791873,2217.366666666667,0.0003179577,0.022661362,0.0021973308,0.018320562
4104704,1.1315805,9.995895e-06,0.0,0.026788827,0.004379896,0.7535993022408244,0.11006428660281624,0.7535993024454228,2369.125,0.00012105521,0.025191689,0.0020997368,0.019522201
4105704,1.1315974,9.995894e-06,0.0,0.026913378,0.0045543327,0.55394209005226,0.11275009261934381,0.5539420921498884,2433.4736842105262,0.00034658192,0.023545947,0.0021594022,0.01977409
4106704,1.1317061,9.995894e-06,0.0,0.02512182,0.004459327,0.5375911552158917,0.10759006987004918,0.5375911557398428,2365.135135135135,0.00027070288,0.025353482,0.0021990275,0.019017277
4107704,1.1316378,9.995892e-06,0.0,0.026401639,0.004422431,0.4823625975648515,0.10875002674890168,0.4823625966901376,2417.657894736842,0.00020941535,0.02430883,0.002134883,0.01881094
4108704,1.1317015,9.995891e-06,0.0,0.027023869,0.004280016,0.6315537700015049,0.10767727696238029,0.6315537678498769,2388.4848484848485,0.00023585226,0.024009645,0.0021256295,0.019853808
4109704,1.1317735,9.995891e-06,0.0,0.028425122,0.0045181625,0.7234920639632316,0.11408662186183322,0.7234920657297655,2477.5384615384614,0.000107011125,0.02322837,0.0022715111,0.018946825
4110704,1.131802,9.995889e-06,0.0,0.028096262,0.004488222,0.6122335948434325,0.10220358177673805,0.6122335960539278,2231.212121212121,0.00020775004,0.02295008,0.0021491065,0.018695215
4111705,1.1317213,9.995887e-06,0.0,0.024914261,0.004199809,0.7849878886502847,0.12395556062925607,0.7849878860988372,2698.88,0.0001954599,0.022977322,0.0020572194,0.01968067
4112704,1.1316507,9.995887e-06,0.0,0.025534263,0.0045345295,0.39382586894264804,0.10536151643277013,0.3938258670797836,2295.9714285714285,0.00042956608,0.024547102,0.0022361823,0.0196752
4113704,1.1316075,9.995886e-06,0.0,0.0259311,0.004628946,0.5303041601500273,0.10443390849875012,0.5303041685927882,2246.529411764706,0.00020801583,0.02482279,0.0022263508,0.018714108
4114704,1.1315327,9.995885e-06,0.0,0.028831163,0.004524331,0.6613257664853791,0.1164268490188988,0.661325769161655,2510.5,0.00020095934,0.021943526,0.0022516707,0.018700548
4115705,1.131432,9.995884e-06,0.0,0.018246561,0.0044944664,0.35172360980115513,0.10852465571042558,0.35172360579548284,2440.84375,0.00040997844,0.024636205,0.0021089,0.019475162
4116705,1.1313447,9.995883e-06,0.0,0.02297303,0.0043459106,0.5175786438111541,0.11324473227783717,0.5175786410732863,2495.7586206896553,0.00014361565,0.02485259,0.002143823,0.019777684
4117704,1.1313684,9.995883e-06,0.0,0.019505573,0.0041529783,0.3491442660116653,0.10291179127026616,0.34914426354038486,2273.342857142857,0.00036311446,0.024779595,0.0021166122,0.01878396
4118704,1.1313838,9.995883e-06,0.0,0.017054712,0.004144241,0.23103454017784011,0.10183563943246554,0.231034534857098,2259.7916666666665,0.00030239002,0.022327334,0.0021001133,0.019993052
4119704,1.1312824,9.995881e-06,0.0,0.019915769,0.004016585,0.47493286645516897,0.11266093578241351,0.4749328669109555,2551.3611111111113,0.00021975813,0.025205689,0.0020405562,0.021520857
4120704,1.1311842,9.99588e-06,0.0,0.02178,0.0044444143,0.5794607531448385,0.11004444151459371,0.5794607588395566,2394.0,0.00028798758,0.026181336,0.0022916105,0.019549303
4121704,1.1311941,9.99588e-06,0.0,0.015493839,0.0045021274,0.19750228740416786,0.10335649573127739,0.1975022914345904,2263.64,0.000377898,0.022032145,0.00213158,0.020972071
4122705,1.1311624,9.995879e-06,0.0,0.023231534,0.0045260065,0.6941359395658537,0.11879042763575853,0.6941359419579656,2708.28125,0.00018407391,0.023415593,0.002176329,0.01944343
4123704,1.1310788,9.995876e-06,0.0,0.03285084,0.0046382863,0.5837078675213461,0.11300191675510371,0.5837078613700631,2522.212121212121,0.00019744816,0.02245104,0.0022637588,0.018675303
4124704,1.131128,9.995876e-06,0.0,0.03259444,0.0046510613,0.5883061825163775,0.11543769041697184,0.5883061799947984,2553.0666666666666,0.00018201389,0.023931282,0.002178698,0.018158166
4125704,1.1311394,9.995873e-06,0.0,0.030236565,0.004636549,0.5680343362395044,0.11263063382024743,0.5680343353666901,2453.404761904762,0.0003052228,0.023067124,0.0022295006,0.018826352
4126705,1.1310947,9.9958725e-06,0.0,0.030751927,0.004585535,0.5435624785601781,0.11028323932863181,0.5435624800858793,2357.0975609756097,0.00031096325,0.023700574,0.002253017,0.018432306
4127704,1.1310779,9.9958725e-06,0.0,0.026608689,0.0044908803,0.6528674505663123,0.12001021615239248,0.6528674477688216,2610.2,0.00029863318,0.023421943,0.0022407628,0.018148744
4128705,1.1311066,9.995872e-06,0.0,0.029185172,0.0047837626,0.5718938065646134,0.10351487407235489,0.5718938022154743,2233.032258064516,0.00023421693,0.024225285,0.0022964831,0.018330503
4129705,1.1311849,9.995871e-06,0.0,0.027677324,0.0046420596,0.6033420308814432,0.10578815257176757,0.6033420332790949,2286.9666666666667,0.00026230337,0.023744877,0.002141253,0.018011093
4130704,1.131294,9.995871e-06,0.0,0.02727728,0.0046526934,0.60837789592847,0.10982445473837288,0.608377901095821,2468.5,0.00036618902,0.023798589,0.00224582,0.018600395
4131704,1.1313488,9.995871e-06,0.0,0.031684592,0.004618256,0.6459933278219512,0.10667851837560868,0.6459933284160886,2319.6153846153848,0.00026968878,0.024398688,0.0021762145,0.018617744
4132704,1.1313663,9.995869e-06,0.0,0.032499276,0.0044820528,0.5615678621245418,0.10921770230571211,0.5615678607622733,2355.5405405405404,0.00023353289,0.022934904,0.0022448266,0.018484514
4133705,1.131309,9.995868e-06,0.0,0.0306019,0.0044429954,0.7347705421635703,0.11560325603932142,0.7347705433502651,2496.5757575757575,0.00014066376,0.023285922,0.002134331,0.018653058
4134704,1.131178,9.995865e-06,0.0,0.030738218,0.004342875,0.6082030892673262,0.11107583488563015,0.608203087856046,2407.483870967742,0.00026897332,0.023872962,0.0021551067,0.018210044
4135704,1.1312368,9.995864e-06,0.0,0.023115544,0.0043299375,0.4620113327329254,0.09765861037484339,0.46201132305683257,2048.344827586207,0.00047073816,0.023015916,0.0021158857,0.019638408
4136704,1.1312258,9.9958625e-06,0.0,0.021229833,0.004292339,0.45378676762826337,0.10361561638813827,0.4537867681765208,2271.7419354838707,0.00026986515,0.022934841,0.0020391531,0.018890994
4137704,1.1311916,9.995861e-06,0.0,0.027232928,0.0046299826,0.385966288779725,0.10230266961956486,0.38596629099014335,2213.785714285714,0.0004303787,0.022955678,0.00226338,0.01937062
4138704,1.1311839,9.995861e-06,0.0,0.026146764,0.004440003,0.6819319203172134,0.11180897181891071,0.6819319170137449,2581.6785714285716,0.00016226375,0.023914773,0.0021411271,0.019098574
4139704,1.131093,9.995861e-06,0.0,0.032373715,0.004549143,0.496502408176145,0.10447502384444565,0.4965024108319631,2274.457142857143,0.0002178101,0.02429374,0.0021962365,0.019211005
4140705,1.1310669,9.995858e-06,0.0,0.027816627,0.0043568606,0.527704410863104,0.0985317661834415,0.5277044023611033,2209.472222222222,0.00033762192,0.023307912,0.0021058505,0.02018029
4141704,1.131147,9.995858e-06,0.0,0.0206901,0.004250856,0.3651173639350702,0.09685410065867472,0.3651173622939171,2187.1875,0.00028175843,0.022111319,0.002076094,0.020200774
4142704,1.1311612,9.995857e-06,0.0,0.029950114,0.0042568073,0.734443881956682,0.11547241804012294,0.7344438802969303,2647.8684210526317,0.0001406517,0.025479138,0.0020360746,0.021191865
4143705,1.1310091,9.995856e-06,0.0,0.028643938,0.0040964475,0.6972440404203145,0.10776376995812009,0.6972440431082977,2454.6206896551726,9.893861e-05,0.02297269,0.0020090886,0.019669604
4144704,1.1310258,9.995854e-06,0.0,0.034205552,0.0043202774,0.8448532197574726,0.11102699614165237,0.8448532196330789,2551.6363636363635,0.00019629889,0.026691575,0.0021183556,0.019680765
4145704,1.1309851,9.995855e-06,0.0,0.03632629,0.004412166,0.8851120337277544,0.10942973746850546,0.8851120342191157,2445.3870967741937,0.00011361168,0.024895582,0.0022111083,0.019265113
4146705,1.1309491,9.995854e-06,0.0,0.031328104,0.0044084997,0.7195330372498323,0.10592655170154919,0.7195330318168099,2420.1724137931033,0.00026314138,0.023464669,0.0020982733,0.019907458
4147704,1.1308866,9.995854e-06,0.0,0.032021653,0.004328917,0.8059731102676596,0.10878053863532841,0.8059731107901303,2475.64,8.502879e-05,0.025847295,0.0020288764,0.020594522
4148704,1.1307161,9.9958515e-06,0.0,0.036258027,0.0044553406,0.7616249830449199,0.10930427374242914,0.7616249817589973,2502.823529411765,0.0001820347,0.023089387,0.0021680756,0.020084608
4149704,1.1306739,9.995851e-06,0.0,0.031885013,0.0044843806,0.5655364707208507,0.1034315884814511,0.5655364693342492,2306.9767441860463,0.0004002671,0.022887303,0.0021965427,0.02008444
4150705,1.1307181,9.995851e-06,0.0,0.028744116,0.004385304,0.6038675738739069,0.11125143183351217,0.6038675748663315,2519.4594594594596,0.0002472919,0.02245513,0.0020889584,0.020326426
4151704,1.1306875,9.995849e-06,0.0,0.023062294,0.0046053873,0.6136564497802932,0.09780856527338204,0.6136564524105935,2181.885714285714,0.00033242852,0.023428164,0.002102417,0.020283733
4152704,1.1306757,9.995848e-06,0.0,0.0284318,0.004540153,0.6780901744267136,0.10638820314840093,0.6780901741220859,2417.862068965517,0.00015085643,0.023863625,0.00219848,0.020569207
4153704,1.1307672,9.995846e-06,0.0,0.029296203,0.004705014,0.511050053385118,0.10126433816762513,0.5110500513428943,2226.7241379310344,0.00021886783,0.022834519,0.002174355,0.020095648
4154704,1.1306958,9.995844e-06,0.0,0.024116488,0.004252914,0.5159932200847723,0.10152579855639488,0.5159932175826109,2292.969696969697,0.00020254633,0.023274058,0.0019631642,0.019013919
4155704,1.1306984,9.995844e-06,0.0,0.021793112,0.004068432,0.34260078061096366,0.10128859925074114,0.3426007849459367,2259.9444444444443,0.0004335962,0.024436561,0.002010505,0.02007081
4156704,1.1307368,9.995842e-06,0.0,0.020423915,0.0043591885,0.5624379933406403,0.10876340930277867,0.5624379975054838,2512.689655172414,0.00027734018,0.02306481,0.002115067,0.020644953
4157705,1.1307662,9.9958415e-06,0.0,0.026142156,0.004466531,0.46974540017398875,0.10113691808708775,0.46974539759782163,2301.340909090909,0.00040908036,0.027072757,0.0021790878,0.020492904
4158705,1.1307313,9.995842e-06,0.0,0.027326738,0.0043565724,0.5176546806566253,0.10405570012440685,0.5176546777457272,2389.0,0.00022794536,0.022156615,0.002085203,0.01871072
4159705,1.1306089,9.995841e-06,0.0,0.01985417,0.0042844503,0.24880022724766085,0.09384171920911676,0.24880022202122426,2067.8,0.0003346812,0.023097403,0.0021446655,0.018143676
4160704,1.1305387,9.995841e-06,0.0,0.02212029,0.004217616,0.48979951767276664,0.10102358001264898,0.4897995201871595,2410.6666666666665,0.00031583756,0.025209133,0.0020110696,0.019069614
4161704,1.1304857,9.995841e-06,0.0,0.023141174,0.004098941,0.5086167551959196,0.0981483775371265,0.5086167508203963,2221.516129032258,0.00033808514,0.024700565,0.0020061985,0.019067913
4162704,1.1305368,9.99584e-06,0.0,0.021956766,0.0040471265,0.5258675478410253,0.10375948108008338,0.5258675502188346,2379.814814814815,0.0002644851,0.02316182,0.0020960863,0.019031592
4163704,1.1306479,9.995837e-06,0.0,0.011624573,0.004205436,0.10762393001324588,0.09084395645019998,0.10762394414046875,2013.857142857143,0.0003536171,0.02453986,0.002000278,0.019326068
4164704,1.1306506,9.995837e-06,0.0,0.019896489,0.004514112,0.35237917596802315,0.10289190431875694,0.35237917342502884,2347.133333333333,0.00055739493,0.022874855,0.0022698648,0.019389443
4165705,1.1307544,9.995834e-06,0.0,0.025695464,0.004456366,0.7831813987925814,0.10743059261968531,0.7831814024488475,2532.7631578947367,0.0002851176,0.023450593,0.0021398389,0.019395027
4166704,1.130737,9.995833e-06,0.0,0.022356402,0.0043242336,0.3609304767029755,0.10178821842418984,0.36093047478603735,2349.625,0.000402208,0.022714138,0.002103019,0.020197902
4167704,1.1307298,9.995833e-06,0.0,0.022736186,0.004188914,0.5651955835010712,0.10998725519286758,0.5651955832986745,2553.7586206896553,0.00016134148,0.023441155,0.002049251,0.020339234
4168704,1.1307553,9.9958315e-06,0.0,0.013302869,0.003957898,0.12962441066098873,0.09318279487227923,0.12962440474710793,2096.3684210526317,0.00028572557,0.023740523,0.0019230724,0.019515932
4169704,1.1308562,9.99583e-06,0.0,0.01953763,0.0040065604,0.474251306864495,0.10504980229390119,0.4742513140996948,2457.095238095238,0.00034670843,0.02406877,0.002008611,0.02110681
4170704,1.1307578,9.995829e-06,0.0,0.023640567,0.0042137303,0.4533759116615329,0.11208627072531575,0.45337591648192893,2537.5333333333333,0.00023157656,0.022527132,0.002190075,0.020606164
4171704,1.1307995,9.995828e-06,0.0,0.018201964,0.004269945,0.5105689122657487,0.10736016918845298,0.5105689177994325,2431.2432432432433,0.00033169863,0.023612298,0.0020472668,0.019948019
4172704,1.1307832,9.995828e-06,0.0,0.022118011,0.0042105345,0.5344255920428067,0.10905582355351523,0.534425590892631,2552.4444444444443,0.00022109928,0.022411946,0.002043846,0.020751802
4173704,1.1307251,9.995826e-06,0.0,0.023120927,0.0043599,0.5727941529467595,0.11501632409150868,0.572794159146009,2703.3333333333335,0.00030536577,0.023837158,0.002087247,0.02090508
4174704,1.13072,9.995825e-06,0.0,0.021357687,0.004255576,0.5644276646946916,0.10925910036506442,0.5644276682501093,2454.633333333333,0.0002168457,0.02300408,0.002062701,0.020530347
4175704,1.1307175,9.995825e-06,0.0,0.024804559,0.00438988,0.5551331855506874,0.12135697989742766,0.5551331868099386,2846.65625,0.00023501334,0.022151481,0.0021021203,0.0190043
4176704,1.1306783,9.995825e-06,0.0,0.030524906,0.004419975,0.7171252901197687,0.11683699882884796,0.7171252916440635,2670.9615384615386,7.8132696e-05,0.02368645,0.0021398873,0.019453939
4177704,1.1306258,9.995822e-06,0.0,0.02983766,0.004493309,0.6559447629312264,0.1165563377284782,0.6559447575072251,2592.689655172414,0.0001791281,0.024979655,0.0021988994,0.01994073
4178704,1.1305717,9.9958215e-06,0.0,0.020820066,0.004555935,0.27195173876627393,0.09631420061698244,0.2719517460463986,2151.967741935484,0.0002964629,0.024767745,0.002141757,0.019357104
4179705,1.1306281,9.995821e-06,0.0,0.026346426,0.0045888764,0.48629292330770113,0.11381134441346928,0.4862929288503127,2549.1190476190477,0.00042947437,0.022814358,0.0021880919,0.019506095
4180704,1.1306558,9.995821e-06,0.0,0.029364908,0.004545709,0.685764711225905,0.11791312303676298,0.6857647104748787,2743.6969696969695,0.00020262008,0.025106186,0.0021581752,0.01794294
4181704,1.1306418,9.995818e-06,0.0,0.017017812,0.004366371,0.4168389624433205,0.10300033332563803,0.4168389642374272,2298.2285714285713,0.0003268755,0.024726849,0.0020982558,0.019488009
4182705,1.1306362,9.995817e-06,0.0,0.021952005,0.0042497236,0.5504478190705413,0.11158084576475501,0.5504478183277471,2569.4285714285716,0.00025811314,0.02303809,0.002061143,0.019934773
4183705,1.130509,9.995816e-06,0.0,0.019999364,0.004341143,0.3692211526137306,0.10281734675048099,0.36922114337113204,2275.846153846154,0.00027234346,0.022643153,0.0020164128,0.019648053
4184705,1.1304456,9.995814e-06,0.0,0.026460234,0.004411704,0.5411699463277934,0.1140702773099615,0.541169946877433,2547.8064516129034,0.00019675274,0.023205131,0.002101373,0.019128883
4185705,1.1304334,9.995813e-06,0.0,0.03212849,0.0045197974,0.6828594162874827,0.10578467505195388,0.6828594184307121,2427.8709677419356,0.00015607219,0.025211468,0.0021251894,0.019557593
4186704,1.1303369,9.995813e-06,0.0,0.039181028,0.00457801,0.6469908284391789,0.11207510798007918,0.6469908260713789,2546.8260869565215,0.00024554224,0.02162803,0.0022783868,0.01810187
4187704,1.1302539,9.995812e-06,0.0,0.03533673,0.0046804915,0.7578392982810221,0.10638705399640672,0.7578392960646031,2431.235294117647,0.0001056145,0.024257047,0.0022216416,0.018658876
4188704,1.1302166,9.9958115e-06,0.0,0.03672177,0.004498624,0.6644757288839287,0.10556342873678659,0.6644757297627322,2432.09375,0.00012726584,0.023896221,0.0021735288,0.01748103
4189704,1.1301684,9.9958115e-06,0.0,0.032605823,0.004454179,0.6828497660962488,0.10095534424717219,0.6828497619048033,2220.2631578947367,0.00027351425,0.023924267,0.0021002595,0.018248688
4190704,1.1301389,9.995811e-06,0.0,0.033159245,0.004275961,0.6883029179757982,0.10064421181733771,0.6883029144607996,2268.2702702702704,0.00014651023,0.023307398,0.0020918446,0.018666476
4191704,1.1302139,9.995811e-06,0.0,0.022818366,0.004374765,0.35555713341599426,0.10147047141029308,0.35555713670607536,2278.323529411765,0.00041951492,0.024534514,0.0021411655,0.019112758
4192704,1.1301304,9.995808e-06,0.0,0.038103513,0.004412298,0.8619329062665791,0.11168205069780753,0.8619329026499376,2567.7027027027025,0.00012356708,0.024817307,0.0021562441,0.018437164
4193704,1.1301645,9.995807e-06,0.0,0.03371352,0.004322969,0.5760127420326171,0.09946497110914523,0.5760127471576836,2181.2272727272725,0.0001817703,0.023024935,0.002096276,0.017835516
4194704,1.1301802,9.995805e-06,0.0,0.03794622,0.0045396346,0.7648295555373579,0.09989428133849287,0.7648295535470891,2229.85,0.0002077155,0.024726212,0.002184313,0.018949922
4195704,1.1302509,9.995803e-06,0.0,0.02646707,0.004423362,0.4554519312119067,0.10003038590519664,0.4554519328854269,2236.4473684210525,0.00043452036,0.022569083,0.0020699024,0.018590758
4196704,1.1302775,9.995803e-06,0.0,0.030500082,0.0042763157,0.8897863483394304,0.1042798735696124,0.8897863477426864,2318.525,0.00017779348,0.022767175,0.002104268,0.019472392
4197705,1.130234,9.995802e-06,0.0,0.022510583,0.0042310604,0.5240344996035856,0.09717037854250521,0.524034503839578,2193.0,0.00022230734,0.024685256,0.0020474428,0.020141402
4198705,1.130278,9.9958e-06,0.0,0.026039021,0.0043809577,0.6442805031680715,0.10240850605785251,0.6442805055273533,2296.6666666666665,0.00026632077,0.02339615,0.002108304,0.02097467
4199704,1.1302489,9.995801e-06,0.0,0.02375375,0.004415743,0.6517771919105914,0.10538312799942035,0.6517771959002432,2358.923076923077,0.00020708151,0.021239582,0.0020557456,0.020721294
4200704,1.1303194,9.995799e-06,0.0,0.023021828,0.0044770166,0.37097458985003723,0.09999174458320223,0.37097459639827834,2282.032258064516,0.00032973202,0.025482608,0.0021322896,0.02018764
4201705,1.1302503,9.995799e-06,0.0,0.024941321,0.0043794047,0.5900718148650412,0.1056661609885244,0.5900718151391385,2355.4166666666665,0.00017080433,0.025046222,0.0020502945,0.019777443
4202704,1.1302238,9.995797e-06,0.0,0.020265559,0.004202686,0.5092279153450363,0.10422478805100711,0.5092279173739199,2387.8928571428573,0.00019330482,0.024445854,0.0020360467,0.019963952
4203704,1.1302245,9.995797e-06,0.0,0.022915337,0.00429473,0.5406062230867633,0.10182141820987453,0.5406062244656099,2315.025,0.00032086033,0.022958847,0.0021858048,0.018951274
4204704,1.130208,9.995797e-06,0.0,0.023347924,0.0042424034,0.5113601092547404,0.11757722627122089,0.5113601138830328,2827.4285714285716,0.00018701566,0.023011774,0.0020697773,0.020303968
4205704,1.1301311,9.995796e-06,0.0,0.021200063,0.004034858,0.4682527193920243,0.10118735518373892,0.4682527141766327,2298.5789473684213,0.00029594402,0.02357114,0.0019959612,0.019314053
4206705,1.1300821,9.995794e-06,0.0,0.025887001,0.004130413,0.6142485017042678,0.11063154676729547,0.614248504575715,2614.542857142857,0.00029040585,0.024246525,0.0020856035,0.020662418
4207704,1.1300627,9.995793e-06,0.0,0.027130606,0.004242543,0.5580949674446553,0.10679657717992086,0.5580949640503452,2480.1,0.00024377104,0.022203185,0.0020066125,0.01860105
4208704,1.1299713,9.995792e-06,0.0,0.023506124,0.0041060206,0.5289818770414665,0.11589834299229551,0.5289818767924046,2683.0666666666666,0.00020989985,0.024251968,0.0019169158,0.022029312
4209704,1.1299648,9.995792e-06,0.0,0.028892282,0.004211237,0.526114246572746,0.10851126785564702,0.5261142455136002,2571.8125,0.00034259068,0.024251096,0.0021793195,0.020557413
4210704,1.1299273,9.99579e-06,0.0,0.029098716,0.0041744737,0.7085414130298773,0.1109244840372412,0.7085414160102679,2590.84375,0.00016412527,0.023701115,0.0020358362,0.01848014
4211704,1.129927,9.99579e-06,0.0,0.027577128,0.0041369013,0.7340970130102572,0.10774390873147813,0.7340970116123043,2511.5555555555557,0.00012745138,0.024526365,0.002078783,0.020400614
4212704,1.1298838,9.995787e-06,0.0,0.032304607,0.004329884,0.684021990816215,0.11446130474238696,0.6840219980195908,2575.8333333333335,0.00012724227,0.022914635,0.0021405516,0.01939333
4213705,1.1297567,9.995786e-06,0.0,0.03105969,0.0043933867,0.5649599426316045,0.10741773620166997,0.5649599427763209,2485.027777777778,0.0001802075,0.02194852,0.0020112288,0.01876491
4214705,1.1297368,9.995784e-06,0.0,0.021542517,0.0042954707,0.4551111765566134,0.10030718450843779,0.455111169154765,2336.46875,0.00034730922,0.024109965,0.002201863,0.02126721
4215704,1.1296829,9.995783e-06,0.0,0.025437307,0.004680069,0.4791158248143231,0.10673807298515511,0.47911582477676673,2408.139534883721,0.00029788472,0.02338453,0.0022178343,0.018766847
4216704,1.1296546,9.995783e-06,0.0,0.025170626,0.0046531293,0.5860789245217508,0.10417251153130029,0.5860789277346359,2313.1176470588234,0.0002641488,0.023635743,0.002147566,0.018843688
4217704,1.1296304,9.9957815e-06,0.0,0.028380327,0.004512706,0.46862639866447203,0.10112114197801093,0.4686263955678667,2392.837837837838,0.0002489523,0.02234748,0.0021873184,0.01857257
4218704,1.1294626,9.9957815e-06,0.0,0.024284711,0.004379406,0.47946475693983565,0.10924517003565727,0.47946475201593214,2516.0,0.00021562027,0.021823883,0.0020318618,0.019675964
4219705,1.1294606,9.9957815e-06,0.0,0.02368519,0.004244402,0.41635007548633907,0.10151094622297903,0.41635007343445857,2210.548387096774,0.0003189138,0.026287306,0.0019689403,0.019492224
4220704,1.1294317,9.995781e-06,0.0,0.012713658,0.003891724,0.4574083848757148,0.10231692132005907,0.45740837582597976,2340.470588235294,0.00021219847,0.024253223,0.0018021386,0.021346431
4221704,1.1294118,9.995778e-06,0.0,0.015347504,0.00407794,0.46246022232074324,0.10562952864893305,0.46246022371642526,2418.46875,0.0004216131,0.023382775,0.0020512738,0.020551229
4222705,1.1293406,9.995778e-06,0.0,0.009390624,0.004167128,0.27051675287933635,0.09982898177609227,0.2705167468723326,2284.814814814815,0.00023979839,0.023380786,0.002074007,0.020569175
4223705,1.1292719,9.995776e-06,0.0,0.008124136,0.0041244896,0.13178414949631517,0.09744174852788162,0.13178415449283978,2272.1923076923076,0.00037095856,0.024436614,0.0019298502,0.019517034
4224705,1.1293442,9.995774e-06,0.0,0.020795705,0.004305783,0.3681643300895023,0.1024829921773814,0.3681643339208944,2374.730769230769,0.00024927637,0.023023244,0.0021023504,0.01934494
4225705,1.1292988,9.995774e-06,0.0,0.022342687,0.0042214645,0.5360448379562399,0.11013662863888385,0.5360448418811231,2497.5625,0.00033620396,0.02479763,0.0020845789,0.020273967
4226704,1.1292284,9.995774e-06,0.0,0.021774666,0.004174926,0.4897722430495809,0.10235337980817635,0.4897722468418272,2415.3684210526317,0.00033335076,0.0235153,0.0020654653,0.020507367
4227705,1.1292075,9.995771e-06,0.0,0.023995984,0.004397737,0.42342395752459727,0.11076615954704222,0.42342395813357264,2558.5806451612902,0.00026019762,0.024857221,0.0023101927,0.019575851
4228704,1.1291807,9.995771e-06,0.0,0.023993654,0.004554464,0.30879509590748766,0.10410929791396484,0.30879509598156135,2308.9024390243903,0.0004133241,0.02353449,0.002271606,0.018775018
4229704,1.1291972,9.99577e-06,0.0,0.027735908,0.004365666,0.5307098185955207,0.11646531765104438,0.5307098174199675,2794.8205128205127,0.000354146,0.023885582,0.0021263096,0.018352173
4230705,1.1292558,9.995769e-06,0.0,0.024828013,0.004433844,0.5417658935938172,0.11185927686632827,0.541765895116012,2596.1071428571427,0.0002935815,0.025897782,0.0020953356,0.018920118
4231704,1.1293089,9.995769e-06,0.0,0.02318929,0.004161288,0.55059801682872,0.105923567526285,0.5505980177448079,2414.9583333333335,0.00024540155,0.02490272,0.0019761329,0.018471882
4232704,1.129417,9.995768e-06,0.0,0.031505324,0.0044409535,0.5365139082074496,0.11403124967755777,0.5365139086276354,2590.121212121212,0.00020951353,0.021567836,0.0022568465,0.019583862
4233705,1.1293869,9.995767e-06,0.0,0.034521896,0.0044542127,0.7648827906043263,0.11191335466609223,0.7648827908190368,2552.878787878788,0.00016037167,0.024087097,0.0020842492,0.020212576
4234704,1.1293523,9.995767e-06,0.0,0.028747674,0.0043401704,0.7202792729107099,0.11358329215957048,0.720279274339115,2581.815789473684,0.00018896058,0.025604237,0.0019513197,0.01813498
4235705,1.1293852,9.995765e-06,0.0,0.02381927,0.004303538,0.5411412804425189,0.10646589591695894,0.541141285785152,2449.8571428571427,0.0002621282,0.024725106,0.0020936525,0.019631246
4236705,1.129374,9.995763e-06,0.0,0.021482313,0.004356311,0.5955328838499554,0.11146624601484897,0.5955328806678174,2547.3,0.00018786482,0.02479381,0.0020928518,0.019352948
4237704,1.1293985,9.995763e-06,0.0,0.02740731,0.004553016,0.6369569290206224,0.11608029557850608,0.636956932438167,2689.6969696969695,0.00027098478,0.022880724,0.0021583168,0.019280512
4238704,1.1294719,9.995763e-06,0.0,0.023974517,0.004374717,0.6932014276977861,0.1113489050755743,0.6932014295186157,2561.24,0.000115228424,0.023938,0.0020726088,0.019613603
4239704,1.1294386,9.99576e-06,0.0,0.02832801,0.0044111754,0.7524925288593733,0.1150934550136424,0.7524925304423358,2608.0344827586205,0.00015765401,0.022058463,0.0020770598,0.02039145
4240705,1.1294063,9.99576e-06,0.0,0.029254802,0.00446859,0.6165124765989146,0.10380518072717158,0.6165124782395318,2356.6,0.00023552505,0.022882765,0.0020871414,0.019922655
4241704,1.1294078,9.99576e-06,0.0,0.020251604,0.0042250217,0.2517033561580871,0.09457787118012537,0.2517033564916919,2088.878787878788,0.0005208433,0.022183258,0.0021103974,0.020226678
4242705,1.1294327,9.995756e-06,0.0,0.020252112,0.0042007193,0.40674561808292137,0.11031461034577365,0.4067456172651163,2533.4864864864867,0.0003173235,0.02407525,0.0020634003,0.019784098
4243704,1.1294407,9.995756e-06,0.0,0.02768351,0.0044422504,0.6808903103598014,0.11122944816856438,0.680890312758327,2520.527777777778,0.00024737074,0.023502188,0.002189809,0.020479377
4244704,1.1293591,9.995756e-06,0.0,0.019594487,0.004498167,0.4476563328280149,0.10191561539199781,0.4476563326609455,2258.6206896551726,0.0003521642,0.026012994,0.0021851994,0.019869966
4245704,1.1293789,9.995755e-06,0.0,0.020955794,0.004458757,0.3478867239288705,0.09909297318350022,0.3478867226937274,2227.153846153846,0.00021531749,0.02274596,0.0020529851,0.020809
4246705,1.1293558,9.995754e-06,0.0,0.025813064,0.0045056767,0.6351627977861615,0.11497941598043263,0.6351627981253408,2657.310344827586,0.000203869,0.024205055,0.0021625236,0.02042937
4247704,1.1292949,9.995753e-06,0.0,0.029534824,0.0045792195,0.6959977912629256,0.11508203577250242,0.6959977934224688,2613.344827586207,0.0001192156,0.023365851,0.0022288642,0.019386653
4248704,1.1292007,9.995752e-06,0.0,0.025352916,0.004430961,0.5885203550683075,0.11246852341407378,0.5885203521367603,2462.785714285714,0.00021761068,0.022907168,0.0020662732,0.019836815
4249705,1.1291219,9.9957515e-06,0.0,0.026923968,0.0044215056,0.5293472997585997,0.1037699994678628,0.5293472999592687,2325.612244897959,0.0003767523,0.02511577,0.0021751537,0.019576786
4250704,1.129103,9.99575e-06,0.0,0.03079844,0.0045003756,0.747596068365965,0.12161654033870609,0.7475960719245818,2748.8518518518517,0.00012638613,0.023574336,0.0022064494,0.018387841
4251705,1.1291704,9.995749e-06,0.0,0.026816588,0.004382098,0.5046573747686125,0.1122692134110063,0.5046573786639635,2633.3333333333335,0.00021772135,0.024784056,0.002141071,0.018933974
4252704,1.129212,9.995748e-06,0.0,0.027044682,0.0045516496,0.4633958865390216,0.11779635070868405,0.4633958874468982,2598.3611111111113,0.0003361035,0.0235787,0.0022044135,0.018304538
4253705,1.1291618,9.995745e-06,0.0,0.029495372,0.004607792,0.7068052402443132,0.11724199616966009,0.7068052331048723,2594.2368421052633,0.000227421,0.0253257,0.0022900454,0.017018829
4254704,1.129114,9.995746e-06,0.0,0.035885505,0.0047039893,0.6433449195658594,0.10646834454544457,0.643344922157276,2298.5,0.00019987756,0.02402142,0.0022962883,0.017357279
4255704,1.1291363,9.995744e-06,0.0,0.02774475,0.0044074063,0.6199839618221086,0.10493027994176372,0.6199839623370131,2283.8,0.00017742481,0.023177454,0.002111577,0.018729605
4256705,1.1291556,9.995742e-06,0.0,0.02668274,0.004204563,0.5700895114441114,0.10214299707811071,0.570089515890573,2265.060606060606,0.00022016978,0.023217935,0.0020032285,0.018551368
4257704,1.1292187,9.995742e-06,0.0,0.028756615,0.0042781774,0.6666581680787673,0.12017648956445497,0.6666581656331366,2711.1290322580644,0.00024420876,0.021682974,0.0020890054,0.018740442
4258704,1.1292253,9.995741e-06,0.0,0.03254067,0.0043623387,0.7353531322518486,0.11642643798199387,0.7353531326527204,2638.871794871795,0.00018302808,0.023858158,0.0022486546,0.018318735
4259704,1.129112,9.99574e-06,0.0,0.025356153,0.004438254,0.5679393305615251,0.1079346755951909,0.5679393258794976,2279.0476190476193,0.00020017051,0.02520487,0.0021884541,0.019034363
4260704,1.129049,9.99574e-06,0.0,0.03584722,0.004602989,0.7854970265962306,0.11740049208182267,0.7854970226856679,2635.1470588235293,0.00016912565,0.022087269,0.0022834898,0.017930295
4261704,1.1289561,9.995739e-06,0.0,0.03419146,0.0045175315,0.8734047124724729,0.11719384516205487,0.8734047166178887,2605.4054054054054,8.948215e-05,0.02416887,0.0021426629,0.018222326
4262704,1.1288772,9.995739e-06,0.0,0.01854046,0.0041722087,0.34787208295936833,0.10317451844959327,0.3478720841964517,2245.344827586207,0.0003351943,0.023233067,0.0019408013,0.017771292
4263704,1.1288525,9.995738e-06,0.0,0.0128350975,0.004193728,0.2615336180097074,0.09610088760746294,0.26153362556948473,2128.75,0.0004090129,0.023880735,0.0021481216,0.018762294
4264705,1.1288898,9.995737e-06,0.0,0.022916708,0.0043697064,0.7346174833856821,0.11589465068536811,0.7346174787616714,2552.9666666666667,0.0002599197,0.023722704,0.0021403702,0.020060716
4265704,1.1288644,9.995734e-06,0.0,0.022892118,0.004450699,0.453908733739695,0.10483313333861588,0.4539087316814012,2258.875,0.00025475325,0.02494434,0.0021550679,0.018297305
4266704,1.128815,9.995734e-06,0.0,0.015852287,0.0042526936,0.4105376191953016,0.10976449817779564,0.4105376204650939,2457.3225806451615,0.00033436116,0.022783685,0.0020255148,0.018663188
4267704,1.1287694,9.995734e-06,0.0,0.015755467,0.004241686,0.33646777201577227,0.11039813469547118,0.3364677614947708,2524.0,0.00031528168,0.023844201,0.0020465124,0.018415514
4268704,1.1287667,9.995732e-06,0.0,0.017247077,0.004347556,0.32985249674258177,0.1079005999781657,0.3298524952956484,2396.206896551724,0.00026289717,0.021514673,0.0021260758,0.02043686
4269704,1.1288639,9.995731e-06,0.0,0.013615981,0.0045592715,0.27093858577448243,0.10446366164084923,0.27093858168503676,2336.7714285714287,0.00049096876,0.024084907,0.0021645166,0.019620055
4270704,1.128935,9.995729e-06,0.0,0.018113103,0.004556461,0.4654450682979147,0.1124549424526651,0.46544506924683954,2503.551724137931,0.00043916784,0.023000682,0.002094883,0.019143332
4271704,1.1289449,9.995727e-06,0.0,0.022380387,0.004686038,0.5606170779260125,0.1153279839464548,0.5606170721414802,2680.151515151515,0.0002745522,0.023707483,0.0022942987,0.018283812
4272704,1.1289995,9.995727e-06,0.0,0.027168863,0.004718976,0.5816288365611078,0.11412327397042912,0.581628834452322,2552.470588235294,0.0002976423,0.027839737,0.0022040491,0.018649805
4273704,1.1290644,9.995726e-06,0.0,0.024731958,0.0046966365,0.44475896536350773,0.11329046236351133,0.44475895788849346,2491.633333333333,0.00017546857,0.023294035,0.0021636556,0.01907307
4274705,1.1290833,9.995725e-06,0.0,0.021582568,0.004513546,0.411893068757081,0.10672548827005812,0.41189306542922055,2399.1875,0.00020891665,0.022296546,0.0020167632,0.018413309
4275704,1.1290587,9.995725e-06,0.0,0.023937026,0.004627502,0.5080758908428638,0.11253976460146667,0.5080758887269309,2579.864864864865,0.00036758365,0.022657946,0.0021745646,0.019231573
4276705,1.1290462,9.995724e-06,0.0,0.019825198,0.004571273,0.24035128572534933,0.09898546856905645,0.2403512890777086,2166.9666666666667,0.00035650618,0.022343889,0.0021033157,0.01877233
4277704,1.129049,9.995724e-06,0.0,0.029909102,0.0044807442,0.6100592084644632,0.1201888647764073,0.6100592050175957,2710.1071428571427,0.00025063616,0.023913357,0.0021233857,0.018115003
4278704,1.1290948,9.995723e-06,0.0,0.022568392,0.0044255736,0.5523812039755285,0.11282647061840786,0.5523812073107861,2599.733333333333,0.00025972945,0.023966908,0.0020315815,0.018413596
4279704,1.1291119,9.995721e-06,0.0,0.027573189,0.0046650907,0.4708333279543628,0.10568221417616303,0.4708333288871992,2402.6341463414633,0.00027351896,0.024073983,0.002189863,0.018371273
4280704,1.1291391,9.99572e-06,0.0,0.027058829,0.0046070158,0.5148923872842809,0.10770053314104772,0.5148923829120059,2398.4358974358975,0.00021982592,0.024350734,0.0022070217,0.018689306
4281704,1.1291553,9.99572e-06,0.0,0.021416545,0.004256764,0.4944066781660581,0.09734698652118823,0.49440667399651633,2142.59375,0.00040344222,0.023978215,0.002024584,0.018954381
4282705,1.1291103,9.995717e-06,0.0,0.021522664,0.004095635,0.4816246239569145,0.10790974931836489,0.48162462303510084,2405.8709677419356,0.00034345308,0.023534607,0.002011073,0.01890236
4283704,1.1289368,9.995716e-06,0.0,0.026668085,0.0041096625,0.6575381388541885,0.11278147435708281,0.6575381383125669,2606.4814814814813,0.00019868776,0.025011338,0.002090356,0.019440979
4284704,1.128762,9.995716e-06,0.0,0.02100634,0.0041273898,0.6036270134551429,0.10445716541424324,0.6036270169651277,2407.1481481481483,0.00015282676,0.022530241,0.001988399,0.02084499
4285704,1.1288943,9.995714e-06,0.0,0.021144368,0.0040904805,0.5303038754838099,0.11288432368564827,0.5303038733035712,2663.9375,0.00026619498,0.024582842,0.0019569788,0.019602727
4286704,1.1289978,9.995712e-06,0.0,0.010059937,0.0038389456,0.21317158577734185,0.08971626017062756,0.21317159438049502,2053.8636363636365,0.00037748137,0.023699492,0.001893289,0.020107053
4287704,1.1290864,9.995712e-06,0.0,0.02520896,0.004202336,0.5375162387561055,0.11105800972918273,0.5375162405679653,2474.0689655172414,0.00025671697,0.023071839,0.002180436,0.020030802
4288704,1.1291013,9.995712e-06,0.0,0.024617452,0.0045360797,0.5477115570246901,0.11951462302790282,0.547711552475485,2818.8333333333335,0.00026541756,0.024683047,0.002179792,0.01886059
4289704,1.1291851,9.99571e-06,0.0,0.026162708,0.004553984,0.6288182527329506,0.12108218903692129,0.6288182493700685,2810.027777777778,0.00021710314,0.024030417,0.0022354336,0.017832095
4290704,1.1292561,9.99571e-06,0.0,0.029260874,0.004553822,0.5318560825333072,0.11019911010761892,0.5318560879181762,2570.5,0.0002370278,0.021658164,0.0021358756,0.018695943
4291704,1.1292628,9.995709e-06,0.0,0.029287748,0.0045072394,0.6674336277664484,0.12021507997997105,0.6674336272723821,2750.6428571428573,0.00019532315,0.02563983,0.0021408086,0.017612468
4292704,1.1292149,9.995708e-06,0.0,0.027692087,0.0044836057,0.6050474912214089,0.1155666073530235,0.6050474919777408,2690.409090909091,0.00019744846,0.025186598,0.0021536557,0.018359628
4293704,1.1291126,9.995706e-06,0.0,0.03650602,0.004498402,0.8833022784865281,0.10836248528357828,0.8833022796217412,2416.972222222222,6.5451655e-05,0.02342803,0.0021849498,0.01835712
4294704,1.1290793,9.995705e-06,0.0,0.03876695,0.0045361677,0.7686829935260472,0.11075886197719037,0.7686829943385691,2510.3684210526317,0.00019324833,0.023683175,0.0021444168,0.018091569
4295705,1.129106,9.995705e-06,0.0,0.029736422,0.0042543705,0.5205194202606493,0.0996113215956176,0.520519421955179,2209.483870967742,0.0002561194,0.024118533,0.0020920509,0.019021686
4296705,1.1290905,9.995704e-06,0.0,0.027701879,0.0040879045,0.5857616717985832,0.10667011157597582,0.5857616702464631,2459.974358974359,0.00019398684,0.024475977,0.0019882182,0.019813148
4297704,1.1291975,9.995703e-06,0.0,0.021328717,0.0041862307,0.6247631706003067,0.11094390772909503,0.6247631669202771,2433.3333333333335,0.0002073812,0.02526166,0.0020169779,0.018575288
4298705,1.1292164,9.9957015e-06,0.0,0.014904774,0.0043099574,0.3439084115004789,0.10224256632015265,0.3439084066865125,2343.875,0.00030797848,0.023428015,0.0020285656,0.018367417
4299705,1.129165,9.995701e-06,0.0,0.014875171,0.0042084605,0.38014218848868614,0.10545574623929017,0.38014218556614443,2412.7105263157896,0.00035775796,0.025225628,0.001915887,0.0177055
4300705,1.1291953,9.995697e-06,0.0,0.020499432,0.00420234,0.42971111886701596,0.1010160523756231,0.42971112243226645,2333.0810810810813,0.00031766627,0.022609964,0.0020509302,0.019312626
4301704,1.1291846,9.995698e-06,0.0,0.021550989,0.00435439,0.454045056863012,0.10899185959152097,0.4540450606121804,2460.3870967741937,0.00035181677,0.024974287,0.0021553622,0.018269703
4302705,1.1290814,9.995697e-06,0.0,0.019385168,0.004334554,0.5610039783866271,0.11001955333855361,0.5610039799910701,2641.269230769231,0.00022459023,0.021675725,0.0021045054,0.018676028
4303704,1.129095,9.995697e-06,0.0,0.021729052,0.0043824585,0.31619900653042293,0.10516401680163859,0.3161990109559605,2454.4193548387098,0.00016499788,0.023021737,0.002046916,0.017408216
4304704,1.129108,9.995695e-06,0.0,0.025757648,0.0042736093,0.5353069476977402,0.10550656212257713,0.5353069510094102,2452.5555555555557,0.00024160881,0.023578001,0.0021298265,0.018380951
4305704,1.1290194,9.995695e-06,0.0,0.033397555,0.0045661177,0.5496327259123329,0.11214729110290092,0.5496327219819503,2507.243902439024,0.0002598439,0.025143769,0.002274118,0.017358318
4306705,1.1291045,9.995694e-06,0.0,0.028333144,0.0047457507,0.6461884916026714,0.10963295197912624,0.6461884973950598,2570.9142857142856,0.00030481868,0.023953605,0.002204101,0.017738845
4307704,1.1290431,9.995694e-06,0.0,0.030099506,0.004472249,0.6199987087496197,0.10606296717833175,0.6199987119024759,2346.59375,0.00013079324,0.025062406,0.0021087923,0.017360095
4308705,1.1290275,9.995692e-06,0.0,0.024874927,0.0042107054,0.6082768970087097,0.10809752936174552,0.6082768955505152,2434.5806451612902,0.00024480658,0.024441492,0.0020186512,0.01832297
4309704,1.1291265,9.995691e-06,0.0,0.028768823,0.0043996503,0.6842367983503469,0.10921458985311412,0.6842367890795326,2444.0714285714284,0.00021251009,0.025817435,0.0022046107,0.01793386
4310705,1.129196,9.995689e-06,0.0,0.033804987,0.004588171,0.671310933947919,0.10727411079137857,0.6713109301175899,2315.064516129032,0.00020656828,0.022745809,0.002171299,0.016882986
4311704,1.1291323,9.995687e-06,0.0,0.030864002,0.0044124858,0.7909708067897484,0.11083153657874881,0.7909708035309436,2561.769230769231,9.34453e-05,0.023645835,0.0021539393,0.017348142
4312704,1.1290047,9.995688e-06,0.0,0.031122623,0.0045572235,0.6005083476540126,0.11008790445237876,0.6005083489981885,2404.2093023255816,0.00027957358,0.02214095,0.0022372012,0.016803294
4313704,1.1290052,9.995686e-06,0.0,0.021261755,0.0043576946,0.47063928132831734,0.10774960117851151,0.4706392791355834,2330.8125,0.00024978898,0.022341015,0.0021614041,0.01610512
4314704,1.1290861,9.995686e-06,0.0,0.028118521,0.004272519,0.5462743185099368,0.10010362404282205,0.5462743160879496,2197.457142857143,0.00022641172,0.024407897,0.0020866548,0.017514385
4315704,1.1291152,9.995684e-06,0.0,0.018874753,0.004531827,0.3225054254047791,0.09836137808451895,0.32250542756385314,2158.025,0.00059460354,0.022527631,0.0021968067,0.01717269
4316704,1.1289494,9.995682e-06,0.0,0.031208435,0.0044506984,0.7872030190375072,0.11823948149847435,0.7872030208862493,2667.3055555555557,0.0001356523,0.024410741,0.0020787374,0.017888881
4317705,1.128846,9.995682e-06,0.0,0.027220206,0.0042476873,0.766898327600723,0.10522162699338945,0.7668983303752122,2361.4814814814813,0.00016932355,0.024583934,0.0020984893,0.018453345
4318704,1.1287042,9.995682e-06,0.0,0.028354459,0.004147663,0.6523253390242615,0.11100973790481446,0.6523253435417258,2591.6774193548385,0.0001715268,0.023011107,0.0020191942,0.016690236
4319704,1.1287255,9.995681e-06,0.0,0.019746967,0.0040986934,0.26272092988523527,0.10150764333648664,0.2627209320891943,2245.6363636363635,0.00033562127,0.025239069,0.0020501171,0.017997365
4320704,1.128716,9.995681e-06,0.0,0.028532438,0.004184323,0.6287095073091746,0.10635049347095474,0.6287095041259327,2410.3939393939395,0.00020575422,0.023714308,0.0020860396,0.018623255
4321705,1.1286806,9.99568e-06,0.0,0.021584004,0.0041797687,0.4108436018172854,0.09580056260987792,0.4108435998788279,2220.0,0.0003138117,0.022187455,0.002062526,0.017855223
4322704,1.1286798,9.995677e-06,0.0,0.0240022,0.0040711607,0.5614708960276931,0.10112052132007515,0.5614708949072306,2317.483870967742,0.00026586026,0.022895286,0.0020362772,0.01812814
4323704,1.1286544,9.995677e-06,0.0,0.027215667,0.004107418,0.6236732951069355,0.10599296867690884,0.6236732931068877,2449.5862068965516,0.00019574688,0.023450665,0.0021488755,0.017537689
4324704,1.1286477,9.995677e-06,0.0,0.03373507,0.0044685756,0.6838188887896375,0.1114319046203935,0.6838188913728274,2606.9302325581393,0.00019676634,0.02405797,0.0021968633,0.018536318
4325704,1.128678,9.995677e-06,0.0,0.0350915,0.0046484494,0.6115970679401515,0.11095704390304274,0.6115970700462863,2551.095238095238,0.00018844973,0.022335777,0.0021605077,0.016886553
4326704,1.128695,9.995673e-06,0.0,0.030384438,0.004684201,0.6778425281526325,0.10490442884814305,0.6778425252517791,2434.9,0.00028750676,0.020706058,0.002082125,0.015616007
4327704,1.1286587,9.995673e-06,0.0,0.03215035,0.0044489442,0.7462768078195071,0.10801697445126122,0.7462768081902911,2460.7241379310344,0.00013720253,0.0244832,0.0021498306,0.016963286
4328704,1.1285576,9.995671e-06,0.0,0.02796273,0.0044561434,0.6184652717765183,0.09993848690107741,0.6184652792262542,2191.259259259259,0.00019975714,0.022202212,0.002152805,0.01693146
4329704,1.1283989,9.995669e-06,0.0,0.029997865,0.00444617,0.6963038144679339,0.10658936298066943,0.6963038120220343,2317.448275862069,0.00017259922,0.025978291,0.0021611196,0.018518839
4330704,1.1283162,9.995669e-06,0.0,0.024446633,0.0042792517,0.370126866853353,0.10430052539648875,0.3701268689936669,2343.731707317073,0.00046820493,0.02376224,0.0021259969,0.017139656
4331704,1.1282125,9.995667e-06,0.0,0.028136367,0.0042263158,0.7365869853478858,0.10614970488292302,0.7365869863632496,2395.1176470588234,0.00024227946,0.024595527,0.0020801723,0.018537154
4332704,1.1282305,9.995667e-06,0.0,0.014565003,0.004212795,0.48549020657073444,0.10339845983559683,0.48549020632103973,2239.4473684210525,0.00032640842,0.023550026,0.0020449818,0.019352429
4333704,1.128266,9.995667e-06,0.0,0.027173074,0.0043902146,0.5887550091565572,0.11470430092109989,0.5887550085009371,2548.6666666666665,0.00028032673,0.023776108,0.0022487806,0.017544992
4334704,1.1282531,9.995665e-06,0.0,0.028451115,0.0045343004,0.6138195465279352,0.10990451968427806,0.6138195461729072,2449.3125,0.00019816309,0.02317113,0.0021631098,0.01793423
4335704,1.1282209,9.995665e-06,0.0,0.024920566,0.004394618,0.6469095889104345,0.1118842505405795,0.6469095924648106,2510.1111111111113,0.00018515774,0.023351362,0.0020297724,0.018101105
4336704,1.1283015,9.995665e-06,0.0,0.016267128,0.0041740974,0.29477105010535826,0.10134694205286603,0.2947710419376272,2258.0833333333335,0.0002295738,0.024138775,0.0020210193,0.017791905
4337705,1.1282842,9.995663e-06,0.0,0.023141982,0.0041727745,0.7486689716659014,0.11725930059630493,0.7486689730312454,2726.5185185185187,0.00020321182,0.024579069,0.001989248,0.018464511
4338704,1.1281387,9.9956615e-06,0.0,0.021512315,0.0042747282,0.2967542435801667,0.09659902970409295,0.2967542428000031,2232.1470588235293,0.00023509821,0.024216844,0.0021731353,0.018226853
4339704,1.1281267,9.995661e-06,0.0,0.023652881,0.004144661,0.7627777659289288,0.11565106315815467,0.7627777712696703,2692.285714285714,0.00013850845,0.024977248,0.0019973835,0.018942406
4340704,1.1280193,9.995658e-06,0.0,0.031932306,0.004331811,0.7602085348171386,0.11228125434617736,0.7602085383979452,2629.103448275862,0.00020421346,0.022125272,0.0021466915,0.01859016
4341704,1.1279993,9.995658e-06,0.0,0.035344146,0.004341364,0.7095411987653452,0.12792312423698604,0.709541200018371,2902.595238095238,0.00011911234,0.025740366,0.0020812592,0.018195644
4342704,1.1279997,9.995658e-06,0.0,0.03554017,0.004389877,0.5702647586678982,0.10875342806019554,0.5702647607521273,2439.4,0.00030693403,0.023899991,0.0021983243,0.017649049
4343704,1.1279625,9.995655e-06,0.0,0.030593613,0.004229812,0.7800480244854953,0.12272655080596451,0.7800480301421471,2904.3214285714284,0.00014102727,0.025733048,0.0020668188,0.018004823
4344705,1.1278954,9.995654e-06,0.0,0.030195152,0.0041761976,0.6650209544716926,0.12366364046698436,0.665020956442614,2885.48,8.222433e-05,0.022958672,0.0020611277,0.018484496
4345704,1.1279209,9.995654e-06,0.0,0.031078435,0.004215604,0.5863052459304335,0.10627777100461044,0.5863052465591605,2457.3684210526317,0.00018147774,0.021030232,0.0020271058,0.01815794
4346705,1.1279548,9.995653e-06,0.0,0.028123893,0.0041982294,0.628900724956325,0.10806489278226816,0.6289007257544517,2422.823529411765,0.00016889567,0.022316532,0.0020392127,0.018281614
4347705,1.1279517,9.995652e-06,0.0,0.017502725,0.004030423,0.46990064340373244,0.09693277731100258,0.46990064799810427,2199.9655172413795,0.00023703919,0.024605816,0.0019744597,0.0188873
4348704,1.1279145,9.995652e-06,0.0,0.017287299,0.004144616,0.5734030692694986,0.09777959174749887,0.5734030634885766,2203.391304347826,0.00014089912,0.025782958,0.0019889728,0.018355887
4349705,1.1277733,9.995651e-06,0.0,0.015850145,0.0040217773,0.28157328579063207,0.09885162805011005,0.2815732780578349,2217.842105263158,0.00034646815,0.022526534,0.001970506,0.019310901
4350705,1.1276909,9.9956505e-06,0.0,0.027699446,0.0043590744,0.6731111112022087,0.10847362940579555,0.6731111098996142,2497.3947368421054,0.00024481324,0.025018582,0.00220623,0.01898445
4351705,1.1276858,9.99565e-06,0.0,0.017234903,0.004251774,0.2691573542856389,0.11738397629596875,0.2691573506319339,2855.34375,0.0003217308,0.0262199,0.0020521702,0.018144352
4352705,1.127534,9.995648e-06,0.0,0.017873192,0.0041910205,0.4751990124607767,0.11382266220688406,0.4751990156290998,2685.4444444444443,0.00019497809,0.024681909,0.0020168915,0.019336587
4353704,1.1273974,9.995647e-06,0.0,0.027429232,0.0047070193,0.6384215586050488,0.11247382217940564,0.6384215521455078,2619.128205128205,0.000287531,0.025103305,0.0022780066,0.017487291
4354704,1.1273928,9.995647e-06,0.0,0.033742614,0.0047144443,0.7462869592511053,0.13129271680143,0.7462869624901194,3122.4210526315787,0.00014523263,0.02370891,0.0021378836,0.01745838
4355705,1.1273489,9.995644e-06,0.0,0.025574818,0.0044831405,0.6091017018142156,0.11401252933428623,0.6091016985159561,2533.84,0.00026298454,0.022712184,0.0021632516,0.01712632
4356705,1.127345,9.995643e-06,0.0,0.026657,0.004499163,0.42503068036098585,0.09660285882800336,0.425030682893123,2136.448275862069,0.000255869,0.024221225,0.0021699693,0.018424762
4357704,1.127434,9.995642e-06,0.0,0.035247624,0.004703027,0.7421012371437894,0.11645257595825033,0.7421012384241695,2630.3846153846152,0.00017779379,0.023818871,0.0022608808,0.016877197
4358704,1.1274912,9.9956405e-06,0.0,0.026619025,0.004739572,0.41689917196902115,0.10927684812577354,0.41689917431318196,2328.78125,0.00031132682,0.024105102,0.0023306624,0.017418005
