Steps,Policy/Entropy,Policy/Learning Rate,Environment/Lesson,Policy/Extrinsic Value Estimate,Policy/Curiosity Value Estimate,Policy/GAIL Value Estimate,Policy/Extrinsic Reward,Policy/Curiosity Reward,Policy/GAIL Reward,Environment/Cumulative Reward,Environment/Episode Length,Losses/Value Loss,Losses/Policy Loss,Losses/Curiosity Forward Loss,Losses/Curiosity Inverse Loss,Losses/GAIL Loss,Policy/GAIL Policy Estimate,Policy/GAIL Expert Estimate,Losses/Pretraining Loss
3363136,0.9994714,9.996637e-07,5.0,0.014314974,0.0023805774,-1.7896326e-05,-0.9914443788778348,0.005865020755057533,0.0,-0.991444363568263,116.0,0.00013436962,0.024142535,0.0015551575,0.04984939,0.09753555,0.0242719,0.97627276,0.06092747449874878
3364136,0.99946594,9.996637e-07,5.0,0.01306999,0.0024102924,2.8753775e-05,-0.9466743312659673,0.023900582629721612,0.0,-0.9466742804698018,520.0,0.00010850434,0.022817502,0.001233261,0.045235366,0.06233695,0.013521041,0.989165,0.0
3365136,0.9994684,9.996637e-07,5.0,0.00783211,0.0024243263,1.0024245e-05,-0.9269125798859427,0.026747201569378376,0.0,-0.9269125674253975,803.0,0.00024154146,0.02429462,0.0011823975,0.04212733,0.06980445,0.015174858,0.98394924,0.0
3366136,0.9994835,9.996637e-07,5.0,-0.0036229172,0.0024013175,-8.154618e-05,-0.8827236424850443,0.03414682570887222,0.0,-0.8827236383761815,1040.8181818181818,0.00026263882,0.025557147,0.0010820308,0.03531227,0.0603345,0.013788839,0.988959,0.0
3367137,0.99948394,9.996635e-07,5.0,0.0033434813,0.0023911097,-5.4557397e-05,-0.3508098713296931,0.04465116447536275,0.0,-0.35080986383861684,1577.6,0.00012147052,0.023292605,0.001118671,0.037397742,0.033510413,0.009483744,0.99265766,0.0
3368137,0.9994845,9.996633e-07,5.0,0.0034497827,0.0024007063,-0.000116959854,-0.3196145220135804,0.0547700259069513,0.0,-0.3196145189477089,1925.2142857142858,0.00023332644,0.025785875,0.0011608193,0.038296632,0.04126806,0.010532886,0.9917573,0.0
3369136,0.99947983,9.99663e-07,5.0,0.011077404,0.002440703,-4.301216e-05,0.524022340522788,0.055296067273593506,0.0,0.5240223310047389,2070.1,0.00014034926,0.025084922,0.0011312559,0.039339986,0.07035832,0.011219885,0.97939384,0.0
3370136,0.99947447,9.99663e-07,5.0,0.01939817,0.0025264279,-7.078632e-05,0.4043456249893171,0.06173505590413697,0.0,0.40434562366746957,2337.3783783783783,0.00018245539,0.022723446,0.0012636126,0.0433212,0.035890944,0.0106113795,0.9915796,0.0
3371136,0.9994724,9.99663e-07,5.0,0.023488736,0.0026872212,-4.3301687e-05,0.5279947624031693,0.06603874657594133,0.0,0.5279947597419193,2639.3611111111113,0.0001975048,0.02378459,0.0012834268,0.040556516,0.046156194,0.010159306,0.98993653,0.0
3372136,0.99947155,9.996628e-07,5.0,0.026236024,0.0028486496,-4.7994065e-05,0.6439512994667276,0.07295723619183332,0.0,0.6439512982417875,2943.2264150943397,0.0001829893,0.02414988,0.0013321348,0.04076717,0.06336329,0.013741562,0.99149334,0.0
3373137,0.99947053,9.996629e-07,5.0,0.016310029,0.0026952818,1.7822335e-06,0.22609912944631105,0.07106877803259219,0.0,0.2260991217197212,2822.4791666666665,0.00035315825,0.023984464,0.0012431042,0.037143115,0.0630147,0.019453818,0.98901355,0.0
3374136,0.99946016,9.996628e-07,5.0,0.016927782,0.0026576007,3.4194287e-05,0.5861743407522833,0.07879834320143951,0.0,0.5861743430931238,3317.9,0.00015173727,0.023087967,0.0012077736,0.039969668,0.049868934,0.012474254,0.9914095,0.0
3375136,0.9994534,9.996628e-07,5.0,0.010361783,0.002459827,-8.673084e-06,0.23565474674939216,0.07066814000427257,0.0,0.2356547493256533,2932.391304347826,0.00021301604,0.024012314,0.0011341238,0.038261276,0.07717758,0.010540745,0.9864343,0.0
3376136,0.9994559,9.996623e-07,5.0,0.011464288,0.0023575788,-1.027396e-05,0.2992330301464168,0.07356096248871549,0.0,0.29923302984626726,2990.4736842105262,0.00015039791,0.025468308,0.0011418809,0.039457563,0.046353005,0.011496467,0.9884879,0.0
3377136,0.9994479,9.996623e-07,5.0,0.0051711258,0.0023726188,-1.2098324e-05,-0.1735483531147717,0.05075071193665887,0.0,-0.1735483543400452,1897.8666666666666,0.00016254353,0.024396967,0.0012114687,0.037115812,0.05635362,0.012721592,0.9897057,0.0
3378137,0.9994443,9.996622e-07,5.0,0.0054984707,0.0024134424,5.8129423e-05,-0.017648268995890247,0.06858187428297242,0.0,-0.017648276434325982,2765.7,0.00013161277,0.023782743,0.0011469498,0.03508938,0.040773805,0.0121305585,0.9917145,0.0
3379136,0.99944973,9.996621e-07,5.0,0.0066473945,0.002382355,4.3093492e-05,0.11697581396204744,0.06109833965456346,0.0,0.11697581115828137,2288.9583333333335,0.00029708527,0.02320204,0.0011169255,0.035674017,0.037820943,0.009937237,0.9906467,0.0
3380136,0.99945515,9.996621e-07,5.0,0.014040364,0.00237021,-2.1521777e-05,0.4010677362591947,0.0631852223912416,0.0,0.40106773937405943,2466.0,0.00017326567,0.024129584,0.0011176523,0.03685987,0.033912018,0.009867121,0.9935062,0.0
3381136,0.99945396,9.996621e-07,5.0,0.013441176,0.0023247562,-6.194795e-05,0.40675728665799116,0.07529162816410043,0.0,0.40675727829190156,2995.8076923076924,0.00011890364,0.025183154,0.0011100236,0.035152644,0.09973083,0.01651247,0.9936541,0.0
3382137,0.9994532,9.996619e-07,5.0,0.012775293,0.002452378,-5.8008172e-05,0.37097367131074344,0.06909454152586737,0.0,0.3709736733317718,2847.7428571428572,0.00017709206,0.023677727,0.0011394894,0.03408625,0.06983192,0.027212156,0.9920517,0.0
3383136,0.99944466,9.996619e-07,5.0,0.014526107,0.0023132805,-3.337175e-05,0.34369511802992747,0.07474967983155996,0.0,0.3436951190899336,3141.75,0.00014868975,0.023306418,0.0010930772,0.035905063,0.061176337,0.019260142,0.99196947,0.0
3384137,0.9994386,9.996618e-07,5.0,0.0022837808,0.0021920635,-6.869147e-05,-0.04329694065668264,0.06796209354215535,0.0,-0.043296948609712595,2932.275,0.00033673752,0.023645122,0.0010002292,0.03177008,0.05417635,0.016599901,0.9912826,0.0
3385137,0.9994424,9.996619e-07,5.0,0.010029812,0.0022474907,2.3931257e-06,0.263594260854526,0.07335980004115429,0.0,0.26359426416011555,3108.8571428571427,0.00018433575,0.023221545,0.0011324497,0.03413213,0.05142398,0.015649091,0.9903554,0.0
3386136,0.99945307,9.996614e-07,5.0,-0.0004840922,0.0022062445,2.2004871e-05,0.05589253815833217,0.06631935512693114,0.0,0.05589253354745522,2903.2916666666665,0.00028456887,0.023703055,0.0010645622,0.03188833,0.049075224,0.014279695,0.9907656,0.0
3387136,0.99946076,9.996612e-07,5.0,-0.00023028652,0.002241252,2.4928524e-05,-0.33567525843822155,0.05783930389868776,0.0,-0.3356752523369915,2450.076923076923,0.0002282379,0.022910045,0.0010876944,0.029926617,0.03643985,0.010505931,0.9920013,0.0
3388136,0.9994535,9.996612e-07,5.0,0.012361528,0.002398435,9.012401e-05,0.5282299891291586,0.08117930479056668,0.0,0.5282299965598953,3719.6875,8.6225045e-05,0.022751864,0.001129864,0.03572183,0.039332703,0.011628545,0.99103004,0.0
3389137,0.9994609,9.996612e-07,5.0,0.007986445,0.0022474574,9.153381e-05,0.2653945274742,0.07364465541123584,0.0,0.26539453047969314,3181.4736842105262,0.00023221273,0.023736808,0.0010642271,0.034184758,0.028898109,0.00907291,0.9941579,0.0
3390136,0.999462,9.996611e-07,5.0,0.0068678255,0.0023889267,3.468185e-05,0.2634749775326647,0.07312482564076264,0.0,0.2634749841700245,3297.814814814815,0.00014565163,0.024666574,0.0011376214,0.034074813,0.04379777,0.010778259,0.98943335,0.0
3391136,0.99945617,9.99661e-07,5.0,0.00860659,0.002297737,-3.2055203e-05,0.05358303691514266,0.07286003841727506,0.0,0.05358303815008042,2889.1875,0.000172472,0.023055702,0.001122125,0.034295276,0.04002092,0.010391896,0.99129665,0.0
3392137,0.9994557,9.99661e-07,5.0,0.008250942,0.0023413138,1.4886152e-05,0.21922500614193502,0.0656971851060535,0.0,0.2192250006106865,2791.2258064516127,0.00025634907,0.02196648,0.0011727408,0.035998303,0.044744115,0.009144245,0.992702,0.0
3393136,0.9994504,9.99661e-07,5.0,0.015421567,0.0025259599,1.429211e-05,0.4754128602500714,0.073296501012519,0.0,0.47541286388533976,2997.68,0.00013217716,0.023757342,0.0012369975,0.037988387,0.047758065,0.011268377,0.99125886,0.0
3394137,0.99944794,9.996605e-07,5.0,0.015832618,0.002496177,-2.6626845e-05,0.43732902242623417,0.07474102056140611,0.0,0.43732902142035146,3263.1666666666665,0.00021441178,0.027795475,0.001210687,0.039214496,0.04781649,0.010157189,0.9934087,0.0
3395137,0.9994459,9.996604e-07,5.0,0.020258313,0.0024105315,-3.2220545e-05,0.5557678243194459,0.08554052520109205,0.0,0.5557678253496312,3593.2916666666665,0.00010070555,0.022507384,0.0011560591,0.038067684,0.048931435,0.011009737,0.98927104,0.0
3396137,0.9994409,9.996602e-07,5.0,0.017355455,0.002482458,-2.718051e-05,0.5048955912097881,0.07875698522085176,0.0,0.5048955943532906,3292.2727272727275,8.097447e-05,0.025080541,0.0011942487,0.037335403,0.05376604,0.014538743,0.9873148,0.0
3397136,0.9994418,9.996602e-07,5.0,0.020520719,0.0025016493,9.114008e-06,0.5050031595764589,0.08033839461530724,0.0,0.5050031571775846,3439.935483870968,0.00013478156,0.022510562,0.0012341398,0.037213918,0.05933194,0.0123260915,0.9887088,0.0
3398137,0.99944013,9.996602e-07,5.0,0.01304434,0.002380003,2.6932063e-05,0.33717101177343894,0.07554745543089475,0.0,0.3371710192286825,3311.7894736842104,0.0001395104,0.025073063,0.0011539826,0.036690008,0.06517326,0.019687256,0.98736143,0.0
3399137,0.99944276,9.996602e-07,5.0,0.017165152,0.002505972,7.0897886e-06,0.4482693333807633,0.07719325583258813,0.0,0.4482693327241983,3186.0,7.143756e-05,0.024433993,0.0012065477,0.037648782,0.042493887,0.012556621,0.9906262,0.0
3400137,0.99944484,9.996601e-07,5.0,0.016605707,0.00245947,5.5338613e-05,0.383514860892117,0.07454747671888778,0.0,0.38351486260536805,2966.1944444444443,0.0002088754,0.022927428,0.0012096101,0.037354402,0.042762354,0.01194706,0.9919905,0.0
3401137,0.99944705,9.996601e-07,5.0,0.020603972,0.0025563848,4.3693508e-05,0.5551336341242858,0.07312949399395924,0.0,0.5551336328867909,2932.233333333333,0.00014425759,0.025779456,0.0012379523,0.04049214,0.042286314,0.010543505,0.9903575,0.0
3402136,0.99944913,9.9966e-07,5.0,0.024832819,0.0026049297,2.6519892e-05,0.7514962136540271,0.07968428388528992,0.0,0.751496212554712,3230.68,0.000117536874,0.022439878,0.0012243291,0.043976694,0.04101198,0.010703409,0.99184465,0.0
3403136,0.99944043,9.9966e-07,5.0,0.019736467,0.002560612,9.9047775e-06,0.5287868340026416,0.07937363530453738,0.0,0.5287868360645458,3151.2380952380954,0.00013063218,0.024191696,0.0012008242,0.042063262,0.04972957,0.01271083,0.9942157,0.0
3404136,0.99943346,9.996597e-07,5.0,0.019241108,0.0024415634,-4.2284605e-06,0.5734403876646995,0.07687896585516032,0.0,0.5734403866058048,3000.0714285714284,0.00013564635,0.024664747,0.0011315321,0.037239708,0.039605986,0.010349756,0.99131244,0.0
3405136,0.99942315,9.996595e-07,5.0,0.014082803,0.0023316236,3.9846964e-05,0.5275590924023467,0.07785929442269705,0.0,0.5275590867295618,3026.4285714285716,7.929693e-05,0.024161056,0.0011390997,0.036868565,0.065020755,0.0131863365,0.98488533,0.0
3406137,0.99942476,9.996593e-07,5.0,0.014239911,0.0023330604,2.0067813e-05,0.3462273792315682,0.06885679776605684,0.0,0.3462273807906668,2750.48,0.00012589592,0.023780178,0.0011491528,0.03559513,0.057604037,0.0155095775,0.99172133,0.0
3407136,0.9994254,9.996593e-07,5.0,0.017376624,0.002334972,-5.0233208e-05,0.49523421060355477,0.07395539414630128,0.0,0.4952342149738035,2994.423076923077,0.00011094278,0.022518802,0.0011211808,0.03539897,0.055945184,0.012673223,0.9875688,0.0
3408136,0.9994267,9.996593e-07,5.0,0.0152456295,0.002443802,-1.01998285e-05,0.29230630220734255,0.06972308795749475,0.0,0.2923063060358328,2785.4285714285716,0.00020823139,0.023829471,0.0011908229,0.037353814,0.0459035,0.010323833,0.98676515,0.0
3409136,0.9994293,9.996592e-07,5.0,0.01817577,0.0024287296,3.0337189e-05,0.6463196801706335,0.08076421072249874,0.0,0.6463196732623456,3468.576923076923,0.000109047054,0.025273591,0.0011544804,0.037990384,0.03725031,0.009629388,0.9945936,0.0
3410136,0.99942356,9.996592e-07,5.0,0.015812188,0.0023277367,2.5380557e-05,0.542489140121451,0.07533543953563228,0.0,0.5424891387295754,3065.8695652173915,8.864384e-05,0.026249958,0.0011426804,0.03610075,0.05859573,0.01220509,0.99273527,0.0
3411136,0.9994197,9.99659e-07,5.0,0.010501814,0.0022621702,6.957624e-05,0.16244633424851243,0.06844061449848358,0.0,0.16244633018612123,2738.8260869565215,0.00023484281,0.023258006,0.0011090925,0.037261896,0.04237671,0.01104187,0.991566,0.0
3412136,0.9994219,9.996587e-07,5.0,0.017451514,0.002545523,5.610398e-05,0.44196396663596715,0.06894108863161819,0.0,0.4419639645273371,2829.34375,0.00013796806,0.024022596,0.0012715909,0.041010216,0.0482686,0.010610383,0.9904662,0.0
3413136,0.99942887,9.996586e-07,5.0,0.015359001,0.002386776,-4.508997e-05,0.4597664598051644,0.07111281455554827,0.0,0.4597664567299957,3029.6666666666665,8.036598e-05,0.02248941,0.0011047197,0.037273537,0.051005866,0.013276378,0.98691934,0.0
3414136,0.99942666,9.996586e-07,5.0,0.009658324,0.0022772679,1.8946315e-05,0.26218961370823307,0.07945483358271303,0.0,0.26218962113870636,3510.55,0.00019434502,0.022355879,0.0010636209,0.034408122,0.052336145,0.010315753,0.98772794,0.0
3415137,0.99943084,9.996585e-07,5.0,0.013515418,0.0024146265,-2.186537e-06,0.4725434477130485,0.07471267175787943,0.0,0.47254344405410764,3215.035714285714,0.00021720101,0.025002614,0.001216774,0.03628061,0.04902277,0.0084924,0.9867532,0.0
3416136,0.9994329,9.996585e-07,5.0,0.010215539,0.0025873121,-4.6291665e-05,0.34423801423872646,0.06873523523077332,0.0,0.3442380191409468,2674.076923076923,0.00020848651,0.022544425,0.0012818363,0.038327776,0.046250112,0.00940992,0.99007845,0.0
3417137,0.99943626,9.996584e-07,5.0,0.017671272,0.0027266904,1.0318165e-05,0.4371105954838573,0.0762497217548554,0.0,0.4371105894757995,3122.3333333333335,0.00020374889,0.025083756,0.001273098,0.04004305,0.040697984,0.010499609,0.9925008,0.0
3418136,0.9994321,9.996583e-07,5.0,0.014964862,0.0025437512,4.3639193e-05,0.4258344610734639,0.07765057443915187,0.0,0.4258344594215063,3258.9583333333335,0.00015405411,0.02522368,0.001094837,0.03752467,0.04529041,0.010302124,0.9881052,0.0
3419136,0.99943644,9.996583e-07,5.0,0.012697132,0.0022368613,4.2900752e-05,0.3907282051427501,0.06985940791628309,0.0,0.39072820608427017,2853.75,0.00020858036,0.023180518,0.0010548631,0.03548105,0.07031844,0.01586407,0.9874493,0.0
3420137,0.9994378,9.996581e-07,5.0,0.013099126,0.0023437708,2.6456028e-05,0.27636099509550993,0.07047635919567526,0.0,0.27636099565614364,2867.814814814815,0.00022478847,0.024720512,0.0012303786,0.03836508,0.08554903,0.019067321,0.9895267,0.0
3421137,0.9994305,9.996581e-07,5.0,0.011830683,0.0024938614,-3.723196e-05,0.28468532835485705,0.07207023404506882,0.0,0.2846853234176787,2902.3636363636365,0.00027864915,0.025625343,0.0012840217,0.037494864,0.05441498,0.018411025,0.9882721,0.0
3422136,0.99942154,9.996579e-07,5.0,0.012229322,0.0026463338,-6.393312e-05,0.37060329399090125,0.070101124443075,0.0,0.37060329103731554,2831.9583333333335,0.00019970315,0.024523225,0.001287636,0.037774313,0.04720678,0.0129902605,0.9909959,0.0
3423136,0.99942136,9.996577e-07,5.0,0.017218307,0.002592379,-1.9126619e-05,0.40016046901022806,0.08007638197918625,0.0,0.4001604668684972,3215.0434782608695,0.00010738719,0.025131557,0.0011809146,0.037423402,0.05339746,0.013885388,0.99189067,0.0
3424136,0.999425,9.996576e-07,5.0,0.014356119,0.002574761,3.5576442e-05,0.4164176500548988,0.07615279970869543,0.0,0.4164176488021108,3065.740740740741,0.00014089166,0.025653776,0.0012097767,0.03885113,0.036348794,0.010041236,0.99330986,0.0
3425136,0.99943024,9.996576e-07,5.0,0.012468572,0.0024134878,5.3185493e-05,0.11574226917845307,0.07073213252361812,0.0,0.11574227531481629,2853.0555555555557,0.0001439692,0.02487503,0.0010887765,0.036573708,0.04093817,0.010147483,0.99082863,0.0
3426136,0.9994401,9.996575e-07,5.0,0.0063990164,0.002369006,-2.4838615e-05,0.11506946612832414,0.06974823189827067,0.0,0.11506946332761928,2732.8275862068967,0.00030482165,0.022543564,0.001130994,0.038843237,0.037723295,0.00997535,0.9902997,0.0
3427137,0.999448,9.996575e-07,5.0,0.013277474,0.0024247956,7.9009544e-05,0.33719862171818493,0.07019278265188741,0.0,0.3371986236928039,2863.925925925926,0.0001815112,0.022143133,0.0012175607,0.039681762,0.03398882,0.009822755,0.9934437,0.0
3428137,0.9994381,9.996575e-07,5.0,0.016494673,0.0026206658,6.409343e-05,0.465769884357052,0.07229960687945071,0.0,0.4657698848918545,2938.3076923076924,0.00019507707,0.022178693,0.0012785357,0.039172567,0.031373773,0.00763655,0.993153,0.0
3429136,0.999437,9.996573e-07,5.0,0.021692535,0.0025431858,-1.7482215e-06,0.4256196184111515,0.07650807508851416,0.0,0.42561961567186885,3182.4193548387098,0.00011964786,0.024836546,0.0011781525,0.04051718,0.109148465,0.012621029,0.97660595,0.0
3430136,0.9994385,9.996571e-07,5.0,0.018269522,0.0024156752,-3.0766736e-05,0.5391076089691288,0.07493776138828791,0.0,0.5391076082603957,3187.0,0.00011399627,0.024207652,0.001118663,0.04049121,0.07284083,0.014937892,0.98642516,0.0
3431136,0.9994399,9.996568e-07,5.0,0.0051457356,0.0022459798,-1.8908604e-05,0.032891212624963376,0.05972936201724224,0.0,0.03289121143260052,2383.64,0.00022354943,0.022587607,0.0010007005,0.03178544,0.09896528,0.01367241,0.97763145,0.0
3432136,0.99944264,9.996568e-07,5.0,0.013952549,0.0022894214,2.6920878e-05,0.5208613466574106,0.07466924407991529,0.0,0.5208613461637491,3101.222222222222,9.3296156e-05,0.021860067,0.0011234515,0.036644198,0.07076332,0.019148925,0.9872619,0.0
3433136,0.9994482,9.996567e-07,5.0,0.017158514,0.0024541833,4.004694e-05,0.3911485513850721,0.06779800820140736,0.0,0.3911485597185146,2729.9375,0.00023382256,0.024292719,0.0012417248,0.041202113,0.05888356,0.015209947,0.98865,0.0
3434136,0.9994459,9.996565e-07,5.0,0.015832186,0.0024199015,1.7849196e-05,0.41807192402638277,0.07988561371110756,0.0,0.4180719192727428,3437.576923076923,0.00011915165,0.02410951,0.0011676502,0.03910375,0.046188317,0.013247899,0.9929161,0.0
3435137,0.999455,9.996565e-07,5.0,0.012741964,0.0023312762,1.8179713e-05,0.29510217406580824,0.06667871832178207,0.0,0.2951021737388611,2698.75,0.00010407677,0.024731744,0.0010886391,0.0357816,0.037794814,0.009876298,0.99273956,0.0
3436137,0.99944997,9.996565e-07,5.0,0.019090094,0.0024434163,3.0352545e-05,0.44074744872269267,0.07043757952914316,0.0,0.44074744929878024,2949.896551724138,0.00014411572,0.02149224,0.0011803409,0.04051726,0.08409276,0.017345613,0.99372166,0.0
3437136,0.999456,9.996565e-07,5.0,0.018882709,0.002313243,9.080343e-06,0.7431071820758208,0.0739275715766578,0.0,0.7431071803371785,3058.9444444444443,9.2624425e-05,0.024276765,0.0011163694,0.03668487,0.05058661,0.01774887,0.9900298,0.0
3438136,0.9994452,9.996564e-07,5.0,0.027963344,0.0024707022,2.5576315e-05,0.7417604856466434,0.08066920939516942,0.0,0.7417604871581607,3378.4285714285716,5.4562846e-05,0.021864891,0.0012317303,0.040180355,0.04564312,0.012585165,0.99301744,0.0
3439136,0.9994465,9.996563e-07,5.0,0.021959608,0.002385164,7.988951e-06,0.6025273173678546,0.07580792438635729,0.0,0.6025273228764951,3142.1363636363635,6.509614e-05,0.023307253,0.0011391944,0.037459426,0.03278109,0.008838074,0.9926085,0.0
3440137,0.99945134,9.996563e-07,5.0,0.011170459,0.0022518833,-3.9782397e-05,0.39069242203434196,0.06968439811052204,0.0,0.39069242457591197,2905.409090909091,0.00012741514,0.025002662,0.0010552173,0.033859868,0.029732555,0.0090833455,0.99384725,0.0
3441137,0.99944985,9.996558e-07,5.0,0.01273935,0.0022138532,4.755465e-07,0.47304552722789595,0.07540651549303827,0.0,0.4730455239161986,3152.9444444444443,6.790166e-05,0.02338507,0.0010845568,0.03403903,0.027114611,0.008035393,0.9951105,0.0
3442136,0.99944085,9.996558e-07,5.0,0.022177313,0.0023552922,-6.6650223e-06,0.7523693261583604,0.0765229049874405,0.0,0.752369326507915,3229.722222222222,8.751929e-05,0.02519016,0.0012070551,0.039687566,0.03933958,0.009117589,0.99251974,0.0
3443136,0.99943703,9.996558e-07,5.0,0.025387002,0.002573856,-3.8348103e-06,0.5885279593918137,0.07955513476542453,0.0,0.5885279621804889,3309.967741935484,0.00014599126,0.021826345,0.0013355612,0.04269626,0.030892873,0.0099318195,0.9945216,0.0
3444136,0.99944174,9.996555e-07,5.0,0.014784236,0.0024508631,3.2487733e-06,0.2803623900643008,0.0732949331711727,0.0,0.2803623876922321,2901.846153846154,0.00017369559,0.024022486,0.0011901085,0.039443366,0.047847852,0.008774437,0.9910927,0.0
3445137,0.9994463,9.996555e-07,5.0,0.015330481,0.0025511389,4.9718947e-05,0.4782176282101136,0.07565699978091288,0.0,0.47821762555715397,3070.24,0.00015522723,0.023969876,0.001213293,0.039786387,0.045619838,0.012570996,0.9925483,0.0
3446136,0.99943596,9.996555e-07,5.0,0.021326052,0.0026649835,-5.0084087e-05,0.6181686744330364,0.08150989585256492,0.0,0.6181686745996542,3361.970588235294,8.0695885e-05,0.023963636,0.0012234501,0.039679028,0.033373225,0.010835603,0.9955076,0.0
3447137,0.99943125,9.996554e-07,5.0,0.027754657,0.0027102395,-2.9326355e-05,0.7075936529425799,0.08733138432555655,0.0,0.7075936504845649,3695.3793103448274,0.00010613121,0.023355547,0.0013584186,0.043978997,0.05159211,0.013009199,0.99147475,0.0
3448136,0.99942565,9.996553e-07,5.0,0.025770886,0.002656296,-2.5930087e-05,0.565006413391302,0.07521625315939673,0.0,0.5650064089223947,3077.375,0.00017711363,0.023473665,0.0012306204,0.04227348,0.045961767,0.0115900785,0.99028146,0.0
3449137,0.9994267,9.99655e-07,5.0,0.01765031,0.002505051,1.9983276e-05,0.40044478903737085,0.0758796018449959,0.0,0.4004447947852151,3017.2758620689656,0.00017222976,0.022078194,0.0011749789,0.041308023,0.058347248,0.011861863,0.9906101,0.0
3450136,0.99942815,9.99655e-07,5.0,0.015126493,0.0023977298,1.1908676e-06,0.423499834708699,0.07717641470454899,0.0,0.42349983306810807,3092.464285714286,0.00020035432,0.02522248,0.0011217492,0.036559276,0.044574443,0.011903533,0.9881174,0.0
3451136,0.99942225,9.996548e-07,5.0,0.008736563,0.0023935658,-3.7728845e-05,0.2658231535980728,0.0737341903707905,0.0,0.2658231523452298,2963.2916666666665,0.00015387437,0.025502976,0.0010966809,0.03579256,0.036253326,0.010027311,0.99203366,0.0
3452136,0.99941844,9.996548e-07,5.0,0.009875359,0.0022832684,4.239567e-05,0.2400141830168852,0.0723703507626649,0.0,0.2400141857030737,2866.1388888888887,0.00023089342,0.024568401,0.0011222605,0.03465368,0.040681295,0.009642411,0.9921774,0.0
3453136,0.9994216,9.996547e-07,5.0,0.004960068,0.0023433308,1.4167314e-05,0.30717318657813547,0.06166213235054682,0.0,0.3071731852876139,2556.777777777778,0.00022296407,0.023394879,0.0011313658,0.038432736,0.053054437,0.012845407,0.9949215,0.0
3454136,0.99943024,9.996546e-07,5.0,0.011014727,0.00232868,-5.8663856e-05,0.4894576593072998,0.07296403260406806,0.0,0.4894576647549528,3002.45,0.00017044618,0.02475561,0.0011127866,0.038167536,0.06754064,0.009471352,0.98271704,0.0
3455136,0.9994313,9.996546e-07,5.0,0.012232918,0.0023244845,2.3250195e-05,0.42918965647322693,0.07497321176621578,0.0,0.42918965850545615,2988.8333333333335,0.00019763061,0.022382965,0.0012097772,0.03853249,0.05848798,0.011874384,0.99047345,0.0
3456136,0.99944067,9.996545e-07,5.0,0.01877484,0.0025726615,3.1992422e-05,0.6412053139086454,0.077381266614171,0.0,0.6412053099362932,3182.6315789473683,0.00010702624,0.022409786,0.0012791047,0.04050356,0.059608243,0.015654188,0.99093175,0.0
3457137,0.99944,9.996545e-07,5.0,0.021844346,0.0026169145,-6.5451894e-07,0.5772797127602098,0.07789889419451355,0.0,0.5772797172752233,3224.2,9.7813296e-05,0.022972926,0.001190197,0.040125277,0.043285616,0.0093455855,0.9935931,0.0
3458137,0.9994417,9.996544e-07,5.0,0.015554162,0.002467943,-4.229429e-05,0.41157305454515153,0.08098724658600986,0.0,0.41157304864914224,3333.16,0.00012084032,0.024875117,0.0012115308,0.037320677,0.04584365,0.012102826,0.9876977,0.0
3459137,0.9994438,9.996539e-07,5.0,0.010001945,0.0024550005,-6.1214516e-05,0.24486939139611563,0.065939944121615,0.0,0.24486939435186422,2680.923076923077,0.00015545776,0.025124647,0.0011965609,0.037619445,0.04937818,0.009190828,0.9896505,0.0
3460137,0.99944633,9.996539e-07,5.0,0.010246039,0.0024919857,-2.3685227e-05,0.19106057838544074,0.06741261632123496,0.0,0.1910605758396973,2696.675,0.00024457544,0.024844188,0.001165179,0.037534922,0.058582664,0.015673708,0.98525476,0.0
3461137,0.99943703,9.996539e-07,5.0,0.014126492,0.0023818181,1.7838705e-05,0.45772800934567687,0.07528002381574576,0.0,0.457728013460176,3019.375,0.00017063765,0.02521204,0.0012133888,0.038368978,0.05606415,0.011113616,0.98443687,0.0
3462136,0.9994364,9.996538e-07,5.0,0.010565179,0.0024537875,-5.6966484e-05,0.23996151542915273,0.07225496223013736,0.0,0.23996151018103815,3063.206896551724,0.00012357412,0.024083886,0.0012336966,0.038370885,0.04753884,0.01043892,0.9887778,0.0
3463136,0.9994428,9.996537e-07,5.0,0.005274125,0.0024098943,1.6297183e-06,0.13973046395503017,0.06976850972392695,0.0,0.13973046596779892,2659.3939393939395,0.00026365224,0.023278642,0.0011337599,0.03630735,0.06291557,0.013167372,0.9866884,0.0
3464137,0.99945086,9.996536e-07,5.0,0.0055628894,0.0021966435,2.3349174e-05,0.3247235979284596,0.07561052890087012,0.0,0.32472360146049467,3143.3,0.00011034842,0.021815237,0.0009900596,0.03097071,0.040231626,0.012382353,0.99269676,0.0
3465136,0.99945784,9.996536e-07,5.0,0.008285386,0.0022074818,-1.8324286e-05,0.40015751126927734,0.07649080689589027,0.0,0.40015751303551544,3085.7619047619046,0.00015411281,0.02386697,0.00109103,0.032522716,0.049715653,0.012263373,0.9864199,0.0
3466136,0.9994588,9.996537e-07,5.0,-0.0053634387,0.0023021952,-1.5189506e-05,-0.10878635044612346,0.06596216550879662,0.0,-0.10878634555193042,2823.448275862069,0.0002196461,0.023013392,0.0010582085,0.03297501,0.03594798,0.009675994,0.9928128,0.0
3467136,0.9994706,9.996533e-07,5.0,-0.013576467,0.0021834571,-5.069909e-05,-0.2844127033572127,0.057268801216895766,0.0,-0.2844127052801061,2359.230769230769,0.00026737744,0.021429425,0.0010431504,0.031809177,0.04438916,0.01156573,0.9919173,0.0
3468136,0.9994721,9.996531e-07,5.0,0.0012254159,0.0022540246,-2.7603572e-05,0.02029884684863126,0.06220595103098146,0.0,0.020298850050007554,2712.5142857142855,0.00037777197,0.024643019,0.0011501389,0.035072647,0.037704416,0.010847701,0.99477446,0.0
3469137,0.99947476,9.996529e-07,5.0,0.018502643,0.0026133235,7.465827e-05,0.6130499130328065,0.07496053916243413,0.0,0.6130499103494002,3144.121212121212,0.000105491155,0.023237552,0.0012648378,0.043819208,0.059531238,0.013313373,0.983246,0.0
3470136,0.99948156,9.99653e-07,5.0,0.013185038,0.0025846895,1.7922477e-05,0.12168822604750555,0.06984617077654952,0.0,0.12168821953992771,2968.0555555555557,0.00013010991,0.022289375,0.0012922346,0.03963668,0.038589958,0.010058547,0.98988867,0.0
3471136,0.9994835,9.99653e-07,5.0,0.018057276,0.0026027581,-7.823921e-06,0.4120715107517888,0.07105215649331782,0.0,0.4120715140368387,2942.6666666666665,0.000116273826,0.024838138,0.0011857512,0.03974764,0.0373803,0.007923033,0.9900987,0.0
3472136,0.999474,9.996529e-07,5.0,0.016381348,0.002523586,-9.727641e-06,0.3508385521244265,0.0728231732158043,0.0,0.35083854882326465,3026.4193548387098,0.00015891239,0.023673655,0.0012050224,0.038892813,0.04037881,0.009451555,0.99205196,0.0
3473136,0.9994664,9.996528e-07,5.0,0.022291692,0.0027570047,2.3735423e-05,0.5441150906943828,0.0785913172304087,0.0,0.5441150931960858,3263.366666666667,8.707047e-05,0.023308791,0.001322272,0.04240445,0.040753156,0.009238934,0.98976654,0.0
3474136,0.99945897,9.996528e-07,5.0,0.009393455,0.0026704913,-2.9699462e-05,0.17418935965104704,0.07328584063361632,0.0,0.17418935473070649,2957.1363636363635,0.00020148256,0.022627333,0.0012339127,0.040028155,0.037976004,0.008241648,0.98968285,0.0
3475137,0.9994577,9.996527e-07,5.0,0.016450517,0.0025663895,8.8711295e-06,0.4998438905638977,0.07625049408961786,0.0,0.4998439005048443,2975.25,0.00012084208,0.024491077,0.0011842994,0.04068708,0.05212545,0.008452042,0.99133784,0.0
3476137,0.99944896,9.996528e-07,5.0,0.017375268,0.0024946714,-1.6225128e-07,0.560528643808296,0.07695291507940662,0.0,0.560528642139046,3078.6666666666665,0.00015370669,0.022248281,0.0011567619,0.039574705,0.06308873,0.0121957185,0.9865917,0.0
3477137,0.9994489,9.996523e-07,5.0,0.019526932,0.0025386203,4.370573e-05,0.5366587682751439,0.07920118707697839,0.0,0.5366587687072534,3104.6,9.886363e-05,0.023743557,0.0012835371,0.041158095,0.07302776,0.017313495,0.98995364,0.0
3478136,0.99945664,9.996522e-07,5.0,0.018628351,0.0026574885,6.200287e-06,0.49031722767792346,0.07585120927027535,0.0,0.49031722748834744,2990.9615384615386,9.9511126e-05,0.025359107,0.0012720529,0.041487064,0.08380578,0.017170886,0.98830664,0.0
3479137,0.99945897,9.99652e-07,5.0,0.012095428,0.0023933772,3.01766e-05,0.4199386654636328,0.07707306672091363,0.0,0.41993865758272747,3097.5,0.00012804019,0.024428565,0.0011333232,0.03613108,0.052277237,0.014378344,0.9924928,0.0
3480137,0.99945617,9.996521e-07,5.0,0.021611445,0.0024863784,4.2615677e-05,0.6082517702431817,0.0797636308021278,0.0,0.6082517758204632,3113.0714285714284,7.530892e-05,0.025157321,0.0012329745,0.040623467,0.04172147,0.01281544,0.9913081,0.0
3481136,0.9994488,9.99652e-07,5.0,0.019763624,0.0024004811,-1.7985343e-05,0.5738095533413964,0.07708789934721691,0.0,0.5738095550082195,3084.7272727272725,0.00010746678,0.024550118,0.0011339516,0.038300224,0.046524256,0.01356822,0.9928169,0.0
3482136,0.9994448,9.996519e-07,5.0,0.011182058,0.0022594985,-2.7141106e-05,0.2948978962003484,0.07761653243990925,0.0,0.29489790029118707,3082.296296296296,9.3382165e-05,0.02452763,0.001106203,0.0349612,0.051499363,0.016011292,0.9925748,0.0
3483136,0.9994425,9.996519e-07,5.0,0.008591851,0.0022297164,3.4850327e-05,0.15981565672365833,0.06853365011105779,0.0,0.15981565261952282,2777.28,0.00015315512,0.022042952,0.0011048673,0.034629263,0.03037794,0.009502633,0.99412894,0.0
3484136,0.9994501,9.996519e-07,5.0,0.007101986,0.0024356293,1.3694713e-05,0.24507011045384192,0.0718695668885788,0.0,0.24507011480230972,2904.782608695652,0.0002806672,0.023746578,0.0011940787,0.037263107,0.04155525,0.0107360585,0.9934266,0.0
3485137,0.99945515,9.996514e-07,5.0,0.015573312,0.0025741172,-8.960922e-05,0.3689430664167048,0.07587529534293935,0.0,0.36894306533042476,3104.0,0.00014850812,0.023737857,0.0012551881,0.039517045,0.043021955,0.010480181,0.99187535,0.0
3486137,0.9994641,9.996514e-07,5.0,0.016520754,0.002473109,-2.8442159e-05,0.38401038135960236,0.07449251225702219,0.0,0.3840103815071346,3114.6315789473683,0.00015085505,0.024469476,0.0011597485,0.041076936,0.04554633,0.011022859,0.99029505,0.0
3487136,0.9994627,9.996512e-07,5.0,0.01717397,0.002479306,-5.3926742e-05,0.4714138276203552,0.07615068527354327,0.0,0.47141382914661867,3083.0857142857144,0.00014785153,0.0248652,0.0012146479,0.0405764,0.06968034,0.014375253,0.9894372,0.0
3488136,0.9994584,9.996512e-07,5.0,0.014456855,0.0023732486,-2.1320577e-05,0.4891377132973265,0.0762896138786227,0.0,0.4891377111267108,2994.1739130434785,0.00015178998,0.023388108,0.0011623616,0.038389422,0.045404345,0.01207453,0.99210495,0.0
3489136,0.99945146,9.996512e-07,5.0,0.014441217,0.0024241519,3.2963348e-05,0.33349584843829994,0.0765953901107423,0.0,0.33349584637414315,3121.7,0.00017506086,0.024192963,0.0012315611,0.038708422,0.039072756,0.013672255,0.99540985,0.0
3490137,0.99946034,9.996511e-07,5.0,0.016934413,0.0025214485,-2.4436173e-05,0.6639449156304372,0.07612556988284555,0.0,0.6639449178815355,3082.2631578947367,0.00014068207,0.024950638,0.001243325,0.040895708,0.060749486,0.01489809,0.9931141,0.0
3491136,0.99945945,9.99651e-07,5.0,0.01330908,0.0025364333,-4.3078376e-06,0.30810768321413584,0.06960722584481119,0.0,0.3081076837659638,2747.366666666667,0.00018015454,0.02363271,0.0011981047,0.040046915,0.09241891,0.020102683,0.9929009,0.0
3492137,0.99945855,9.996511e-07,5.0,0.011337063,0.0023376723,-3.631182e-05,0.30767024912171925,0.07278817275976601,0.0,0.30767024307802954,2807.344827586207,0.00015150217,0.022838607,0.0010927393,0.036524773,0.06575656,0.01838272,0.98799056,0.0
3493137,0.999462,9.996509e-07,5.0,0.014528453,0.0023456768,4.6839592e-05,0.4204871408087806,0.06852697362270331,0.0,0.42048714034523144,2805.653846153846,0.00010233542,0.023538986,0.0011263266,0.037762452,0.043216895,0.011590636,0.99045783,0.0
3494136,0.9994653,9.996508e-07,5.0,0.013161756,0.0024031845,9.9183035e-06,0.3987194752280002,0.06859482863390064,0.0,0.39871947238611716,2795.8275862068967,0.00021346258,0.022527698,0.0011420122,0.03730145,0.034707636,0.01017452,0.9930916,0.0
3495136,0.999458,9.996504e-07,5.0,0.005586541,0.0023105794,9.227967e-06,0.10324185354396899,0.0658337242542378,0.0,0.10324185912350484,2687.925925925926,0.00027069973,0.023062874,0.001074069,0.035722747,0.042665735,0.010749322,0.99269694,0.0
3496136,0.99945724,9.996503e-07,5.0,0.0121501675,0.002359243,3.5121666e-05,0.42935463290353126,0.07625945908564193,0.0,0.42935462992485623,3193.75,0.00017795496,0.024936125,0.0011651018,0.03716326,0.038333327,0.0099597685,0.99203444,0.0
3497136,0.99946165,9.996502e-07,5.0,0.005399331,0.002405652,3.9597446e-05,0.06707486753199461,0.06429303850314615,0.0,0.06707486909983716,2690.3703703703704,0.00016606922,0.024940878,0.0011500862,0.034407515,0.0439674,0.010123973,0.9927269,0.0
3498137,0.99944305,9.996503e-07,5.0,0.013959989,0.0025666715,3.269104e-05,0.26075790208543526,0.07425086031092659,0.0,0.2607578956799704,3140.0588235294117,0.00011402495,0.025304567,0.0012754917,0.04001478,0.039819103,0.010638,0.9913471,0.0
3499137,0.9994261,9.996502e-07,5.0,0.014341769,0.0026630878,4.9549224e-05,0.45096634710589567,0.07369690999767045,0.0,0.45096633599222224,2887.55,0.00014881155,0.022683304,0.0012711097,0.039655227,0.042420447,0.011022752,0.9894123,0.0
3500137,0.9994204,9.996501e-07,5.0,0.021427622,0.0026590077,5.14585e-05,0.4871291392935139,0.08155264052620623,0.0,0.48712913324450174,3494.0,0.00010725147,0.024715211,0.0012469896,0.041702528,0.03810995,0.010591583,0.99263453,0.0
3501136,0.9994005,9.996501e-07,5.0,0.028210673,0.0027483592,3.7687543e-05,0.5779201833308131,0.07703910743010864,0.0,0.5779201817580037,3056.472222222222,0.00010265239,0.024641195,0.0014007979,0.046626512,0.079872176,0.014507842,0.97905195,0.0
3502137,0.9993962,9.9965e-07,5.0,0.023441058,0.0028195968,6.114516e-05,0.541882772113895,0.07225563443556894,0.0,0.5418827704989522,2865.4,9.6413336e-05,0.021839669,0.0012806831,0.04442405,0.059064943,0.012865856,0.985289,0.0
3503136,0.99939334,9.996497e-07,5.0,0.015709689,0.002602365,1.0837169e-05,0.49558220268883296,0.07520707413745445,0.0,0.4955822014574688,2932.8214285714284,0.00018157584,0.020720948,0.0012183259,0.040261887,0.036722623,0.01057119,0.9913317,0.0
3504136,0.99939686,9.996495e-07,5.0,0.019135464,0.0025563585,-6.089423e-06,0.6280589416135627,0.08060036012223766,0.0,0.6280589460605654,3097.9666666666667,0.00018384753,0.023170503,0.0012348061,0.040856965,0.048414428,0.009624183,0.9925528,0.0
3505136,0.99939907,9.996494e-07,5.0,0.008146915,0.0023171322,-2.3775568e-05,0.20168814112716624,0.06617135484646916,0.0,0.2016881384737217,2667.730769230769,0.00022876667,0.021522043,0.0011551889,0.036780473,0.05319364,0.015835628,0.9897462,0.0
3506137,0.9993966,9.996494e-07,5.0,0.017319968,0.0023763583,-4.146471e-05,0.5577905842842301,0.07161186997196638,0.0,0.5577905758569763,2770.12,0.00013086802,0.0228141,0.0011381286,0.037727285,0.036974616,0.010328751,0.9919336,0.0
3507136,0.99940926,9.996494e-07,5.0,0.013351018,0.002365397,-3.9348015e-05,0.3535002034189782,0.07249453976122744,0.0,0.35350020292679496,2852.608695652174,0.00010089348,0.023232307,0.0011705133,0.03670981,0.042938843,0.011565346,0.99028283,0.0
3508136,0.999411,9.996493e-07,5.0,0.018701637,0.0024901791,-2.2726976e-05,0.42370074096508126,0.0820163674211001,0.0,0.42370074205552233,3293.8275862068967,0.00019571815,0.02323106,0.0012736492,0.03777007,0.052222755,0.010535281,0.9917654,0.0
3509136,0.9994171,9.996492e-07,5.0,0.01812046,0.0026276105,-1.8653647e-06,0.6661689701868454,0.08465805925864159,0.0,0.6661689698121471,3306.3478260869565,9.846139e-05,0.021211442,0.0012100267,0.039688878,0.05614381,0.013731388,0.9863146,0.0
3510136,0.99941605,9.996492e-07,5.0,0.017783865,0.0025661457,7.925834e-05,0.561663467606691,0.07963201295272236,0.0,0.5616634700737396,3030.7272727272725,0.00015012013,0.025786031,0.0011663559,0.040814012,0.039955452,0.01047178,0.989779,0.0
3511136,0.99942344,9.996492e-07,5.0,0.017723989,0.002497535,3.6191363e-05,0.37857943334111044,0.07316190998099045,0.0,0.37857943596935456,2735.2,0.00013555291,0.023454225,0.0011715252,0.040485553,0.035430133,0.008769437,0.99297404,0.0
3512136,0.99941474,9.99649e-07,5.0,0.01601878,0.0023911195,-1.126258e-05,0.39067887756292685,0.08272302270509369,0.0,0.39067887859074896,3384.1714285714284,0.00022427687,0.024446325,0.0010999431,0.038314335,0.04524287,0.010842549,0.99177563,0.0
3513136,0.9994104,9.996488e-07,5.0,0.02700241,0.0024547658,2.8014407e-05,0.6979254323543702,0.07844107678317448,0.0,0.6979254335288678,3216.3333333333335,5.146513e-05,0.02437241,0.0012567526,0.044323135,0.039895967,0.010967482,0.9920064,0.0
3514136,0.9994097,9.996486e-07,5.0,0.020193681,0.0025389253,-1.2892121e-05,0.47799940316708084,0.07690243848511243,0.0,0.47799940207172636,3023.8064516129034,0.00026869064,0.024303133,0.0012238839,0.04136619,0.10133241,0.021402966,0.9908961,0.0
3515136,0.9994103,9.996485e-07,5.0,0.014265001,0.0022895597,1.0163985e-05,0.5016106289756408,0.06821944533658097,0.0,0.5016106302603212,2700.875,5.9499594e-05,0.024245031,0.0011373216,0.03743603,0.06538339,0.021041593,0.9899806,0.0
3516136,0.9994092,9.996485e-07,5.0,0.0068747257,0.0021758804,8.095687e-05,0.0784086678756686,0.06891265454358855,0.0,0.07840867710913733,2749.655172413793,0.00014245405,0.024564473,0.0010332478,0.032765023,0.04008317,0.011900169,0.99130374,0.0
3517136,0.99941397,9.996484e-07,5.0,0.004898551,0.0022304808,5.044916e-05,0.2373794559078609,0.06544435336642589,0.0,0.23737946132922674,2659.625,0.00021150212,0.023034621,0.0011018033,0.03555059,0.04678472,0.011622075,0.9906472,0.0
3518136,0.9994199,9.996483e-07,5.0,0.017820256,0.0023215427,9.393825e-06,0.4768822841470683,0.07145211764378473,0.0,0.4768822823074608,3020.12,0.00012595691,0.023026507,0.001208467,0.03952235,0.04314238,0.012975756,0.99016666,0.0
3519136,0.9994299,9.996483e-07,5.0,0.0147573175,0.0023430693,2.5272408e-05,0.5780524951540732,0.07770575439159681,0.0,0.5780524919487323,3264.125,7.588436e-05,0.021437554,0.0011382117,0.035888173,0.043812275,0.011812828,0.99112225,0.0
3520136,0.99942726,9.996483e-07,5.0,0.019210491,0.0024412982,1.3407025e-05,0.40366023991649586,0.0742096491917942,0.0,0.40366023630351394,3162.5925925925926,0.00011684139,0.02309528,0.0012181045,0.040452305,0.042301875,0.011785419,0.99033576,0.0
3521137,0.9994131,9.996479e-07,5.0,0.023635065,0.0025588642,-2.0929743e-05,0.4722943679838453,0.07364671895864434,0.0,0.4722943686297913,3082.7741935483873,0.00016328823,0.023082457,0.0013239282,0.04310106,0.038425226,0.011854339,0.99211687,0.0
3522137,0.9994149,9.996477e-07,5.0,0.020387746,0.0026985798,-5.274161e-05,0.5033241687093063,0.07211265450158473,0.0,0.5033241726708509,2899.1071428571427,0.0001295698,0.023799747,0.0013297112,0.04275827,0.06182875,0.016260197,0.99204874,0.0
3523136,0.9994119,9.996478e-07,5.0,0.022682622,0.002589691,-5.441012e-05,0.5843009272417615,0.07277157137007005,0.0,0.5843009295211357,2766.269230769231,7.354232e-05,0.022145618,0.0012485881,0.040306907,0.053231876,0.016515287,0.99332905,0.0
3524136,0.99941385,9.996476e-07,5.0,0.0098162675,0.0025607652,-4.576837e-06,0.07531856717947735,0.06718485104379636,0.0,0.07531856407737483,2650.9473684210525,0.00033628728,0.02371573,0.0011710476,0.037394773,0.045849282,0.011857798,0.9913225,0.0
3525136,0.9994122,9.996476e-07,5.0,0.010881506,0.0023627316,-3.394971e-05,0.5421523246799812,0.08095511293712272,0.0,0.5421523196436926,3216.809523809524,7.551881e-05,0.02240922,0.0010829357,0.038850486,0.039680094,0.011291912,0.99477303,0.0
3526137,0.9994094,9.996476e-07,5.0,0.008803046,0.0022173626,-1.9428322e-05,0.25106538240486936,0.06804128365977456,0.0,0.2510653824496455,2760.2272727272725,0.00022895262,0.02212598,0.0011145568,0.03519207,0.039035648,0.011024492,0.99389565,0.0
3527137,0.99941343,9.996475e-07,5.0,0.008435093,0.0023251127,-1.6500311e-05,0.42208386732943776,0.07394350607124768,0.0,0.4220838690205188,2964.655172413793,0.00013451229,0.02435143,0.0011068577,0.034079045,0.041321736,0.011307387,0.9926453,0.0
3528136,0.99941874,9.996473e-07,5.0,0.0047083227,0.0022578835,-1.2986997e-05,-0.0005937680834904313,0.06577181148329853,0.0,-0.0005937721074005171,2608.0,0.00016980432,0.022244984,0.0010751064,0.032987967,0.032982353,0.008799952,0.99403876,0.0
3529136,0.9994224,9.996473e-07,5.0,0.0142579265,0.0023834005,4.3499407e-05,0.5842937979260359,0.07072370005950618,0.0,0.5842938017467374,2906.3076923076924,0.00013193315,0.023108121,0.0011793637,0.037502732,0.051681723,0.009150134,0.98836607,0.0
3530136,0.9994284,9.996472e-07,5.0,0.0073603103,0.0024054374,6.9485846e-05,0.06400340674881591,0.06850034838959497,0.0,0.06400340695099045,2742.266666666667,0.0001678172,0.024252327,0.0011155922,0.036170512,0.063028425,0.0095862085,0.9894818,0.0
3531137,0.9994316,9.996471e-07,5.0,0.020410031,0.0025905196,3.2775264e-05,0.6245700573482807,0.08346866918375447,0.0,0.6245700515615922,3680.157894736842,9.028226e-05,0.02098523,0.0012326716,0.042365953,0.08068719,0.019231874,0.99291384,0.0
3532136,0.9994175,9.996465e-07,5.0,0.022106629,0.002519058,4.92724e-05,0.5253210591997939,0.08394429426914064,0.0,0.5253210571921975,3464.740740740741,9.0086556e-05,0.024985781,0.0012794556,0.042426486,0.07157525,0.0187102,0.98878294,0.0
3533137,0.99941367,9.996467e-07,5.0,0.016217116,0.0025054717,-1.632435e-05,0.4508177184735966,0.06957550619214696,0.0,0.45081771598778175,2825.2916666666665,0.00013626505,0.022624066,0.001193979,0.039460294,0.054343116,0.014565116,0.9894279,0.0
3534136,0.99941087,9.996465e-07,5.0,0.010533249,0.002523926,-9.170188e-08,0.1246423310363025,0.06438007892866153,0.0,0.12464232872106225,2537.2,0.00020183128,0.022097863,0.0012683064,0.039214756,0.0768595,0.01982132,0.9897065,0.0
3535136,0.9994102,9.996467e-07,5.0,0.019523323,0.00281273,1.9018084e-05,0.49361646621477895,0.0743322319696855,0.0,0.49361646622670874,2949.3636363636365,0.00025977357,0.024623487,0.0013897114,0.042950194,0.04911467,0.014199808,0.99109936,0.0
3536136,0.99940467,9.996465e-07,5.0,0.01881944,0.002763363,4.3322845e-05,0.6517466584719559,0.08202052246959848,0.0,0.6517466589268146,3267.137931034483,0.00012039942,0.02349563,0.0012741024,0.042191803,0.0431189,0.012423026,0.9919031,0.0
3537136,0.99939996,9.996464e-07,5.0,0.019089356,0.0026688208,2.5836662e-06,0.5618765520722753,0.0826363937264362,0.0,0.5618765498253216,3196.5,9.04306e-05,0.022885026,0.0012509557,0.04075283,0.047156774,0.0120449755,0.98992354,0.0
3538137,0.999393,9.996464e-07,5.0,0.025158543,0.0027170898,1.36774315e-05,0.7633866855474783,0.0823375140613886,0.0,0.7633866868069216,3264.625,0.000114211936,0.021322127,0.0012283343,0.04385679,0.04870574,0.013876874,0.99048114,0.0
3539136,0.9993897,9.996463e-07,5.0,0.026125098,0.0026096103,3.8981445e-05,0.6576578855120119,0.07890007255602917,0.0,0.6576578887991673,3049.551724137931,8.8142166e-05,0.022680392,0.0012279482,0.044092715,0.050546102,0.012937143,0.99187696,0.0
3540136,0.99938816,9.996459e-07,5.0,0.023925813,0.002773451,-5.79187e-06,0.620689658110028,0.07726294675064439,0.0,0.6206896506097607,2957.1071428571427,0.00013866532,0.022999916,0.0013888403,0.04640028,0.05998531,0.015708784,0.99023277,0.0
3541136,0.99937075,9.996459e-07,5.0,0.015533271,0.0025538818,-1.1183877e-05,0.3964143835218077,0.07659637244925012,0.0,0.3964143891774165,3091.705882352941,0.00013545592,0.024150472,0.0011441258,0.041265503,0.03285496,0.009712445,0.99455357,0.0
3542136,0.99937326,9.996456e-07,5.0,0.017796926,0.0025257682,1.8818853e-05,0.4214773682074535,0.06875418467793877,0.0,0.42147736818962417,2621.8695652173915,0.00020565093,0.021958852,0.0011812004,0.038188294,0.04073472,0.0107993595,0.9949195,0.0
3543136,0.9993843,9.996456e-07,5.0,0.021480275,0.0025790494,9.45445e-06,0.7354245834811501,0.07498951652535023,0.0,0.7354245817261943,2845.6923076923076,8.89532e-05,0.02340875,0.0013200266,0.04422429,0.04398867,0.011622393,0.99261194,0.0
3544136,0.9993947,9.996456e-07,5.0,0.017831722,0.0025395395,2.7629156e-05,0.32564093664547855,0.06714234918867337,0.0,0.32564093442999187,2514.3214285714284,0.00020953594,0.02259602,0.0012493281,0.04209666,0.059916135,0.014571869,0.99143565,0.0
3545136,0.9993898,9.996455e-07,5.0,0.016180664,0.0025478413,6.1627405e-05,0.45659714687712105,0.07710771918020866,0.0,0.4565971450093683,2876.740740740741,0.00012684905,0.022100318,0.0012388903,0.04033283,0.04801569,0.013498051,0.99155307,0.0
3546136,0.9993898,9.996455e-07,5.0,0.020543424,0.002484662,6.9862006e-05,0.5895420191294397,0.07997400798019953,0.0,0.5895420202314174,3216.64,0.00011896834,0.025138251,0.0012005826,0.04031656,0.03678699,0.008846906,0.99219155,0.0
3547136,0.99938995,9.996455e-07,5.0,0.019952692,0.0025861918,1.5702271e-05,0.463128387946781,0.07738794525968842,0.0,0.4631283835975582,3017.08,0.00019454402,0.021746444,0.0012376171,0.04196396,0.036765367,0.01009552,0.99373436,0.0
3548136,0.99939215,9.996454e-07,5.0,0.017082628,0.0025572309,2.0976551e-05,0.48416799103852964,0.0791730837136995,0.0,0.4841679864590528,3102.0476190476193,0.00016328754,0.026071742,0.00121894,0.04052352,0.04340905,0.010833047,0.9915756,0.0
3549136,0.99938637,9.996454e-07,5.0,0.024982445,0.00263747,-8.758068e-06,0.6645502826662589,0.07949732619805407,0.0,0.6645502821311589,3092.206896551724,6.2085484e-05,0.022906616,0.0013065,0.04221434,0.03598797,0.010034432,0.99358696,0.0
3550136,0.9993883,9.99645e-07,5.0,0.015129835,0.0027300217,-4.8995273e-05,0.4742095728589144,0.07375250015757047,0.0,0.474209576270441,2777.766666666667,0.00025708933,0.02111702,0.0012472377,0.041527484,0.062322572,0.012776417,0.9948779,0.0
3551137,0.9993893,9.996447e-07,5.0,0.019174969,0.0025951937,3.0991716e-05,0.5438149887853069,0.0787241178273689,0.0,0.5438149866991128,3055.48,0.00013505168,0.02314782,0.0012431247,0.042062815,0.05976383,0.015802417,0.9907416,0.0
3552137,0.99939233,9.996447e-07,5.0,0.023374273,0.002683066,-1.4260441e-05,0.5481284121050032,0.07447680218655688,0.0,0.5481284071853824,2847.8846153846152,0.0001067564,0.023719456,0.0013040514,0.043556683,0.034698002,0.009939183,0.9918331,0.0
3553136,0.9993986,9.996447e-07,5.0,0.02041049,0.0024686663,-2.30847e-05,0.5392554291995475,0.07854002368287183,0.0,0.5392554268414165,3159.92,0.00013578222,0.026793037,0.0011245876,0.04048385,0.06840454,0.010363309,0.9866767,0.0
3554136,0.99939185,9.996447e-07,5.0,0.01388165,0.0023769601,6.279284e-05,0.48205334280306567,0.0676283379194185,0.0,0.4820533402470612,2558.608695652174,0.00015639685,0.022245312,0.001144679,0.03906035,0.05533435,0.015008363,0.98761904,0.0
3555137,0.9993894,9.996445e-07,5.0,0.016031165,0.0024315156,5.8242997e-05,0.3647259125094327,0.07094936175999464,0.0,0.3647259150085349,2738.4666666666667,0.00021442225,0.025195094,0.001206709,0.03874165,0.032567795,0.009828588,0.9938737,0.0
3556136,0.9993815,9.996445e-07,5.0,0.018759016,0.002498049,3.7822112e-05,0.5849917524627183,0.07338471595898172,0.0,0.5849917542102063,2917.757575757576,0.00013966003,0.02235597,0.0011868898,0.041636392,0.035711955,0.009162419,0.9936458,0.0
3557136,0.9993698,9.996444e-07,5.0,0.018022554,0.0025571291,2.3367704e-05,0.5363883497877092,0.07717461378585237,0.0,0.5363883500833303,3105.8333333333335,0.00010999387,0.022274487,0.0012295097,0.042783093,0.060559105,0.016341832,0.9937078,0.0
3558136,0.9993718,9.99644e-07,5.0,0.00709797,0.0024341436,3.079782e-05,0.20516805850384118,0.07077268326926665,0.0,0.20516806169321394,2800.366666666667,0.00023947717,0.024980303,0.0011259299,0.037411932,0.049919955,0.012459772,0.994255,0.0
3559136,0.9993737,9.99644e-07,5.0,0.011194902,0.0024415795,-8.19283e-06,0.24073446719679245,0.0733561774759437,0.0,0.2407344617875357,2994.7083333333335,0.0001889108,0.02568426,0.0011368713,0.037820436,0.037812658,0.010856368,0.9911773,0.0
3560137,0.99937713,9.996438e-07,5.0,0.018295867,0.002527752,6.123798e-05,0.4159590121080068,0.07351350794945444,0.0,0.4159590075083542,2996.542857142857,0.000237317,0.024253476,0.0012562051,0.041365594,0.04350257,0.010439816,0.99266213,0.0
3561137,0.9993771,9.996439e-07,5.0,0.013077292,0.0024533311,-2.545799e-05,0.49804760164957057,0.07852288382001342,0.0,0.49804760500580314,3214.695652173913,0.00012986857,0.02320872,0.0012153443,0.03944225,0.047851622,0.0113685345,0.9892947,0.0
3562136,0.99936503,9.996438e-07,5.0,0.01419245,0.0025041811,3.2543237e-05,0.3304077847484829,0.06886228277289774,0.0,0.3304077862890622,2728.0555555555557,9.932124e-05,0.020497689,0.001215325,0.040924367,0.054515727,0.012355848,0.98883814,0.0
3563136,0.9993624,9.996438e-07,5.0,0.0181177,0.0025690235,-5.327824e-06,0.47214581483683066,0.07249800093173374,0.0,0.4721458108143825,2844.913043478261,9.5658426e-05,0.024455298,0.0012891566,0.041303016,0.052549034,0.011414907,0.9887186,0.0
3564136,0.99937224,9.996437e-07,5.0,0.018839087,0.0025222139,4.9828095e-06,0.4537397028843407,0.07819624538300558,0.0,0.45373969829387917,3048.28,0.00015441363,0.022659417,0.0011846344,0.04039916,0.07927853,0.015308059,0.9928711,0.0
3565136,0.9993732,9.996437e-07,5.0,0.015936395,0.0025383781,1.6977701e-05,0.2921032851144656,0.0768308602743603,0.0,0.2921032787823652,3087.0,0.00014867823,0.024120156,0.0011710168,0.04162971,0.055741884,0.015648855,0.988526,0.0
3566137,0.9993611,9.996436e-07,5.0,0.015409916,0.0024970495,7.127884e-05,0.4274756574408524,0.07706111000044513,0.0,0.42747565303491697,3035.185185185185,0.00015472647,0.022155466,0.0011715281,0.040772263,0.06642564,0.018937994,0.99018496,0.0
3567136,0.9993606,9.996436e-07,5.0,0.010589597,0.0023023335,3.699811e-06,0.5387529130301538,0.07498983807398382,0.0,0.5387529113419054,3002.153846153846,0.00014696034,0.02368394,0.0010754647,0.03624963,0.04746393,0.013139581,0.9895271,0.0
3568136,0.9993606,9.996431e-07,5.0,0.015574594,0.002217948,6.852798e-06,0.48949245453317974,0.07705622818992616,0.0,0.48949245066309593,3212.846153846154,0.00014217515,0.024272189,0.001093493,0.03592349,0.03445872,0.008930091,0.9960468,0.0
3569136,0.9993552,9.99643e-07,5.0,0.01691422,0.0023537898,2.3385384e-05,0.4796511422590421,0.08150806634616206,0.0,0.47965113916920826,3321.25,7.791901e-05,0.022741579,0.0011374882,0.037527353,0.042634103,0.013590524,0.9934291,0.0
3570136,0.9993588,9.99643e-07,5.0,0.022396939,0.0024715546,5.3097214e-05,0.6687413210100204,0.07795165878851548,0.0,0.6687413207721508,3350.8,9.2070964e-05,0.023262586,0.001132007,0.038452465,0.035419136,0.011800857,0.99393195,0.0
3571136,0.99935675,9.996429e-07,5.0,0.024005622,0.0025109025,-3.2805707e-07,0.5427198123221127,0.08011171639788829,0.0,0.5427198127441779,3262.285714285714,0.00012103241,0.026074566,0.0012440945,0.042237036,0.044003025,0.011445859,0.99317455,0.0
3572136,0.99935293,9.996429e-07,5.0,0.020774081,0.0025275825,8.47513e-06,0.5235678325969578,0.07378558341467094,0.0,0.5235678386217277,2951.7916666666665,0.00014506347,0.02284515,0.001235363,0.042870767,0.032367963,0.009476239,0.99386764,0.0
3573136,0.99935085,9.996429e-07,5.0,0.019292725,0.0025027667,4.88898e-05,0.7707989917533269,0.07748058489451068,0.0,0.7707989933910734,3261.05,5.8568636e-05,0.022195527,0.0011497778,0.0412705,0.034395024,0.00971375,0.9964909,0.0
3574136,0.9993484,9.996429e-07,5.0,0.01562782,0.0024086053,3.614207e-05,0.5756453740145339,0.0735074664467161,0.0,0.5756453690849395,2942.4074074074074,0.00013624012,0.024318367,0.0011721298,0.040031593,0.035835266,0.010831753,0.9933905,0.0
3575136,0.9993439,9.996427e-07,5.0,0.018890493,0.0024368258,-1.2605135e-05,0.43232770119886316,0.0665234258274061,0.0,0.43232770143806093,2678.818181818182,0.000114650786,0.021343157,0.0011601222,0.040567685,0.041526355,0.009934546,0.98956805,0.0
3576136,0.9993468,9.996423e-07,5.0,0.025688656,0.0025502979,-5.7390193e-05,0.5267012183246675,0.07447408043133857,0.0,0.5267012190165209,3045.121212121212,0.00017850685,0.025212929,0.0012951179,0.04256717,0.035261586,0.00843479,0.9925283,0.0
3577137,0.99933857,9.996422e-07,5.0,0.028271392,0.0027657074,-5.4186665e-05,0.7674566325227109,0.0832642024072508,0.0,0.767456634998351,3443.266666666667,7.1270726e-05,0.02237865,0.0013434696,0.04332885,0.03673934,0.008532478,0.9896265,0.0
3578136,0.99933785,9.996422e-07,5.0,0.026601411,0.0027264813,-1.932205e-05,0.5775525949073412,0.07425475539639592,0.0,0.5775525967176238,2891.6470588235293,0.00015045716,0.023974562,0.0012853257,0.0454837,0.058582097,0.012421004,0.9905779,0.0
3579136,0.9993439,9.996421e-07,5.0,0.02246912,0.0027371633,-1.3031351e-05,0.6061667586577338,0.07962051536208795,0.0,0.6061667573172239,3130.8333333333335,0.00014892276,0.025237884,0.0013069455,0.045663033,0.061487384,0.019656103,0.9912361,0.0
3580136,0.99935716,9.996421e-07,5.0,0.010460327,0.0026072364,2.8427838e-05,0.13632654620890278,0.0640783599799481,0.0,0.13632654352022697,2334.6923076923076,0.00016647507,0.02409945,0.001224242,0.039729677,0.047939986,0.01317742,0.9920839,0.0
3581137,0.9993576,9.99642e-07,5.0,0.015830597,0.0024944174,6.499848e-05,0.47635522115459544,0.07263787164993118,0.0,0.47635522077803144,2879.9285714285716,0.0001020222,0.021171415,0.0012459144,0.040657382,0.043745644,0.0124377785,0.99178797,0.0
3582136,0.9993603,9.996419e-07,5.0,0.024093179,0.0025215258,2.174534e-05,0.5749482855517899,0.07430117300928346,0.0,0.5749482834048376,2903.4137931034484,0.00012446094,0.023221962,0.0012016629,0.042704765,0.032502066,0.008971347,0.9939657,0.0
3583137,0.99935734,9.99642e-07,5.0,0.014605926,0.0024731604,1.8344015e-05,0.4731504694661383,0.07188458445699115,0.0,0.4731504739514242,2799.9615384615386,0.00017947922,0.023648433,0.0011674052,0.03966149,0.02918919,0.007855648,0.9931551,0.0
3584137,0.99935657,9.996419e-07,5.0,0.01563993,0.0025570146,2.7280448e-05,0.5697676093067318,0.07457671579042933,0.0,0.5697676157881703,2865.1923076923076,0.0001720759,0.02325992,0.0013044088,0.041305315,0.05445088,0.012432227,0.9914491,0.0
3585136,0.99935716,9.996417e-07,5.0,0.020672593,0.0027131734,-7.946127e-06,0.38038377482124847,0.07115206850275788,0.0,0.3803837786698818,2649.548387096774,9.892277e-05,0.022761418,0.0013008073,0.04212073,0.047808815,0.012538977,0.9896596,0.0
3586136,0.99935836,9.996413e-07,5.0,0.01986982,0.0027384697,2.9927683e-05,0.6773786108334696,0.07357396784713134,0.0,0.6773786133319146,2824.153846153846,0.00018396425,0.023382485,0.0013006392,0.042537138,0.042065397,0.011266144,0.9919213,0.0
3587136,0.9993639,9.996412e-07,5.0,0.017103875,0.0027262124,7.885073e-06,0.48026739606253355,0.0729412579950544,0.0,0.4802673976439014,2719.542857142857,0.00022925802,0.023618657,0.0012912296,0.04309337,0.059901726,0.017582007,0.99381804,0.0
3588137,0.9993628,9.996413e-07,5.0,0.01035445,0.002480976,1.6282991e-05,0.19558365869635877,0.07573174846211692,0.0,0.19558365834693697,2936.0,0.00018698783,0.025557114,0.0011463987,0.03726435,0.055098794,0.011086056,0.9915931,0.0
3589136,0.99935794,9.996412e-07,5.0,0.01189941,0.0024851898,2.8803972e-05,0.24236518768157111,0.06776578871801536,0.0,0.24236518794135312,2511.0434782608695,0.00020330076,0.023276089,0.0011850891,0.038930234,0.06784079,0.015845587,0.9877712,0.0
3590137,0.9993691,9.996411e-07,5.0,0.02085594,0.0025138143,-1.7400094e-05,0.599234369736223,0.07918487064902861,0.0,0.599234374626599,3049.1363636363635,0.00010885841,0.023735955,0.0012300301,0.044572413,0.047680095,0.012274625,0.9879531,0.0
3591136,0.99937296,9.99641e-07,5.0,0.021091308,0.002618458,3.9277336e-07,0.5023410396851863,0.07479153784668979,0.0,0.5023410422922429,2888.7631578947367,0.00020974535,0.024409756,0.0012528794,0.041909408,0.035262376,0.011208445,0.9944544,0.0
3592137,0.99938226,9.996411e-07,5.0,0.014314598,0.0026146106,-2.8145858e-05,0.2834698764129792,0.06703845923550909,0.0,0.2834698748430301,2481.6296296296296,0.00025207724,0.022494458,0.0012547087,0.042478632,0.049104348,0.01091506,0.99283034,0.0
3593137,0.99938333,9.996409e-07,5.0,0.020685619,0.0025516034,4.1486088e-05,0.5192738602277781,0.0740765813815025,0.0,0.5192738620199888,2859.0714285714284,0.0001852363,0.025113478,0.0012818022,0.044151336,0.039665215,0.010338763,0.99184453,0.0
3594137,0.9993907,9.996404e-07,5.0,0.013495924,0.0024574979,2.9136065e-05,0.5346951123939929,0.077582196913205,0.0,0.5346951127545928,3073.6666666666665,0.00014749012,0.024122454,0.0011716061,0.04023604,0.06823291,0.01957714,0.9945404,0.0
3595136,0.999389,9.996405e-07,5.0,0.022085024,0.0025216625,2.6537735e-05,0.3776791242643022,0.07466244639519053,0.0,0.3776791214136211,2847.5,0.00015558547,0.022123849,0.001276263,0.042972527,0.048768055,0.012931733,0.99212,0.0
3596136,0.99939317,9.996404e-07,5.0,0.02459644,0.0026545383,3.2485274e-05,0.5294220448211289,0.07476259720904098,0.0,0.5294220502843993,2938.074074074074,6.530122e-05,0.024312232,0.0012553158,0.04320679,0.05449377,0.010367449,0.9863019,0.0
3597136,0.9993871,9.996403e-07,5.0,0.026110662,0.002647616,5.2025327e-05,0.6469964101842753,0.0782246095879921,0.0,0.6469964036941548,3146.0,0.0001514484,0.020342058,0.0012677528,0.044926416,0.04173844,0.010892471,0.99112594,0.0
3598136,0.99938434,9.996402e-07,5.0,0.019155271,0.0025698447,5.9459353e-06,0.49115631128446086,0.07155661546009166,0.0,0.4911563073564722,2768.75,9.237752e-05,0.024089945,0.0012391104,0.04324098,0.041162476,0.011163393,0.99314,0.0
3599136,0.99938613,9.996402e-07,5.0,0.019513056,0.002551633,0.000100881865,0.614167603085787,0.07066956874894395,0.0,0.6141676021518262,2752.9310344827586,0.00015721362,0.022886757,0.0012040446,0.04173847,0.13323188,0.018723762,0.9854532,0.0
3600136,0.99938625,9.996401e-07,5.0,0.018410698,0.002527994,9.8760305e-05,0.36011557738664013,0.0669976182363109,0.0,0.36011557899246394,2612.242424242424,0.0002546067,0.024483182,0.0012404518,0.043073725,0.06370191,0.017010301,0.988825,0.0
3601136,0.9993886,9.996401e-07,5.0,0.021355603,0.0026532218,2.430879e-05,0.4930539416443079,0.07196237865804612,0.0,0.49305394739740754,2818.676470588235,0.00021913175,0.022571268,0.0012885267,0.044621613,0.049265776,0.01155222,0.99033296,0.0
3602136,0.9993804,9.9964e-07,5.0,0.014726808,0.0025454673,5.6368204e-05,0.391124257358775,0.06818618600335603,0.0,0.3911242557271698,2621.9032258064517,0.00014075011,0.02562809,0.0012336248,0.04103758,0.05780684,0.014133872,0.9898059,0.0
3603136,0.99937624,9.9964e-07,5.0,0.015579492,0.0024819127,-1.8108385e-05,0.47032738103527144,0.07757954166819607,0.0,0.4703273771029815,3046.785714285714,0.000116321244,0.025769882,0.0011952785,0.04020542,0.04316607,0.013473484,0.9906067,0.0
3604136,0.9993756,9.996395e-07,5.0,0.018562235,0.0025539119,7.1581475e-05,0.4101890044880242,0.06718088190838764,0.0,0.41018900476058234,2521.777777777778,0.00014215945,0.022603972,0.0012483335,0.04398447,0.038637687,0.010365682,0.9950141,0.0
3605137,0.999387,9.996394e-07,5.0,0.011869226,0.0025239857,6.6398294e-05,0.44250940394648264,0.06897737119736401,0.0,0.44250940577677916,2599.5384615384614,0.00023280291,0.023811895,0.0012319003,0.039772935,0.03221962,0.009020349,0.99374247,0.0
3606136,0.9993754,9.996394e-07,5.0,0.014751736,0.0025263242,4.7321955e-05,0.6065378521007833,0.0715403694987551,0.0,0.6065378549266659,2870.2272727272725,0.00019339414,0.024397835,0.0011751999,0.040495984,0.0324128,0.008172566,0.99328387,0.0
3607136,0.9993712,9.996393e-07,5.0,0.022902625,0.0026502737,2.7059048e-05,0.5559752053091431,0.0812604148658434,0.0,0.5559752058586804,3144.689655172414,0.00012150305,0.025779586,0.0013393378,0.043460283,0.041573435,0.009947717,0.9891561,0.0
3608136,0.9993781,9.996393e-07,5.0,0.014806865,0.00265579,1.9342378e-05,0.2579766240052413,0.06921679604100063,0.0,0.2579766201136213,2597.0,0.0001446408,0.025444191,0.001226613,0.041822415,0.042651884,0.010295165,0.9921894,0.0
3609136,0.9993742,9.996392e-07,5.0,0.015406249,0.002608001,4.459732e-05,0.4873884104397348,0.0685457539852905,0.0,0.4873884186468418,2593.125,0.00022902679,0.024385337,0.001257757,0.042217888,0.041181482,0.011631298,0.993682,0.0
3610136,0.9993767,9.996392e-07,5.0,0.01330332,0.002421254,-3.1980606e-05,0.43479587099289113,0.06959367895145871,0.0,0.4347958744473977,2689.7741935483873,0.00012682975,0.02328242,0.0011565755,0.035639003,0.043815505,0.009326585,0.9914422,0.0
3611136,0.99938107,9.99639e-07,5.0,0.020841338,0.0025193451,6.286473e-06,0.4253175654416087,0.0728230140245744,0.0,0.4253175663463898,2914.464285714286,0.000104101724,0.02383756,0.0012024264,0.041765817,0.0367421,0.009238628,0.99292403,0.0
3612137,0.999386,9.996389e-07,5.0,0.016190067,0.002415204,3.923182e-06,0.4431082812287741,0.06968636267265538,0.0,0.44310827662744573,2654.4375,0.00010141371,0.023925316,0.001163516,0.040923037,0.026494311,0.007130212,0.99524796,0.0
3613136,0.9993734,9.996387e-07,5.0,0.017550584,0.0024435918,1.9484867e-05,0.5247479181018206,0.07413716412944875,0.0,0.5247479180035015,2804.4,0.00012246903,0.023512822,0.0011563962,0.0376872,0.055393893,0.012626883,0.9942829,0.0
3614137,0.99937284,9.996385e-07,5.0,0.015737781,0.0025541626,-2.7909005e-05,0.17049325950908192,0.07124640670069009,0.0,0.17049325807959329,2825.375,0.0002781048,0.023314947,0.0012219729,0.04212573,0.04544042,0.012822302,0.99329674,0.0
3615136,0.9993682,9.996385e-07,5.0,0.012888818,0.002594564,-1.6956912e-05,0.121954762081441,0.07076356322795618,0.0,0.12195475908349808,2842.8333333333335,0.0002906368,0.025094178,0.001305695,0.043005228,0.048458047,0.0122120995,0.99530625,0.0
3616136,0.99937207,9.996384e-07,5.0,0.015914926,0.0025856,-1.777108e-05,0.5041653822746593,0.07980267946142704,0.0,0.5041653805233117,3271.16,8.713642e-05,0.022066206,0.0011846217,0.040129166,0.07786958,0.014115044,0.98546803,0.0
3617137,0.99936837,9.996384e-07,5.0,0.023112208,0.0025890453,2.8308456e-05,0.6837393663244539,0.07990721357255724,0.0,0.6837393659266318,3244.689655172414,7.867831e-05,0.023191247,0.0012970613,0.04138843,0.05517145,0.014473701,0.9870459,0.0
3618137,0.9993595,9.996384e-07,5.0,0.019910978,0.002704947,2.3600076e-05,0.20418741766807216,0.06822125533944927,0.0,0.20418742256331734,2610.1666666666665,0.00026381866,0.023607826,0.0012755687,0.04316988,0.055802763,0.014596245,0.98594356,0.0
3619136,0.99935937,9.996382e-07,5.0,0.022842765,0.002682448,2.7459516e-06,0.5882880560999612,0.07539096939281616,0.0,0.5882880564786371,2939.1470588235293,0.00015381449,0.023934979,0.0013064377,0.04353324,0.06061365,0.011735087,0.98704374,0.0
3620137,0.9993573,9.996381e-07,5.0,0.018564994,0.0025588812,-4.1569565e-05,0.529247621353079,0.08338316378528059,0.0,0.5292476251532765,3245.6666666666665,0.000107419524,0.023423392,0.0011940347,0.039988607,0.056094557,0.014708994,0.98698413,0.0
3621136,0.99935573,9.996382e-07,5.0,0.02416757,0.0023807527,3.4274988e-06,0.6012812834948136,0.0762620229024833,0.0,0.6012812778687421,3004.71875,9.714704e-05,0.023521017,0.0011695113,0.040729944,0.041527648,0.008990198,0.98822594,0.0
3622136,0.9993482,9.996381e-07,5.0,0.014412786,0.0022972615,4.5195215e-05,0.303262111302358,0.07161129647590171,0.0,0.3032621036055505,2748.1052631578946,0.00012834839,0.022117801,0.0011733676,0.03816397,0.052086916,0.011646379,0.9912547,0.0
3623137,0.9993494,9.996377e-07,5.0,0.017216394,0.0025003895,8.351394e-05,0.40915962422687224,0.07822928662686277,0.0,0.4091596240082578,3171.7619047619046,0.00011489297,0.024738852,0.0012091638,0.04050421,0.04046983,0.008288763,0.99150515,0.0
3624136,0.99934673,9.996376e-07,5.0,0.019222096,0.0025895997,8.965426e-05,0.6519239728342654,0.07424090990971308,0.0,0.6519239694247974,2813.6,0.000101976846,0.022699613,0.0012306115,0.04118756,0.048005607,0.014478922,0.9918312,0.0
3625137,0.9993464,9.996376e-07,5.0,0.013909966,0.0026405535,2.4409195e-05,0.3755157102736121,0.071341762675937,0.0,0.3755157055490177,2764.457142857143,0.00020667171,0.026913065,0.0012511353,0.03982277,0.040925115,0.010377511,0.9915081,0.0
3626136,0.9993509,9.996376e-07,5.0,0.013820347,0.0026150094,2.8136785e-05,0.21486319743792895,0.07198877290356905,0.0,0.21486320531689632,2742.9,0.00033011683,0.023737147,0.0012064449,0.039137922,0.036258448,0.009648015,0.9930493,0.0
3627136,0.99935377,9.996375e-07,5.0,0.007714473,0.002579254,1.00139705e-05,0.12488653340242309,0.06669545270378877,0.0,0.12488653066496609,2646.425,0.00033033604,0.022871634,0.0012406593,0.038756017,0.044004332,0.010470059,0.98755467,0.0
3628136,0.99935925,9.996375e-07,5.0,0.010936052,0.0024882054,9.181019e-06,0.37408142953195084,0.07475593967808827,0.0,0.3740814312234092,2901.689655172414,0.00018766269,0.023021901,0.001166961,0.038325835,0.045822658,0.00889714,0.9876555,0.0
3629136,0.99934655,9.996372e-07,5.0,0.017349297,0.0025350638,-6.4011096e-05,0.6118286891469324,0.07741916549552809,0.0,0.6118286867229829,3132.1428571428573,0.00014061795,0.024426512,0.0012166527,0.04134287,0.06631961,0.015141858,0.9928386,0.0
3630136,0.99933636,9.99637e-07,5.0,0.010519994,0.0024707746,5.953574e-05,0.23349887472124045,0.06700529579281395,0.0,0.2334988721576064,2485.3076923076924,0.00025865098,0.02442205,0.0011201864,0.038572073,0.053062037,0.014730071,0.9896251,0.0
3631136,0.9993334,9.996368e-07,5.0,0.013535107,0.0025130624,3.432572e-05,0.3684337508334309,0.0673278569452593,0.0,0.3684337506915279,2598.9310344827586,0.00019681039,0.02710494,0.001239677,0.040191717,0.041607216,0.010614651,0.9922453,0.0
3632136,0.99933314,9.996368e-07,5.0,0.017160434,0.002593057,3.5400637e-05,0.5608257716509494,0.07865316543653275,0.0,0.5608257865245722,3250.3333333333335,0.0001760923,0.022073371,0.0012213903,0.04271991,0.036918852,0.008969822,0.99318314,0.0
3633136,0.999329,9.996368e-07,5.0,0.017440705,0.002714715,4.5840134e-05,0.3874407864986332,0.07561151958523421,0.0,0.3874407834634254,2957.8518518518517,0.00020953125,0.02235212,0.0012252643,0.040773995,0.03398072,0.011230666,0.995991,0.0
3634136,0.9993191,9.996368e-07,5.0,0.01760553,0.0027010243,5.0407134e-06,0.39477632247786354,0.06369844516773489,0.0,0.3947763205188198,2563.5,0.00014706978,0.026868597,0.001264534,0.04222901,0.03489346,0.008914042,0.9913271,0.0
3635136,0.9993096,9.996364e-07,5.0,0.01801064,0.0026058562,-1.4330817e-06,0.39482848362398903,0.0761043016090914,0.0,0.3948284781150042,3044.5806451612902,0.00013614989,0.026528822,0.0012451131,0.04174835,0.04711587,0.010698736,0.99149114,0.0
3636136,0.9993044,9.996364e-07,5.0,0.023368074,0.0025410533,2.9416546e-05,0.5933944413329579,0.07606566719858585,0.0,0.5933944457864324,3028.5384615384614,0.0001223557,0.024291191,0.0012011849,0.044393763,0.040053494,0.01150362,0.99001217,0.0
3637136,0.99929714,9.996364e-07,5.0,0.018812846,0.0025112578,-1.472803e-06,0.5235920331741057,0.07136124282917608,0.0,0.5235920355071767,2727.4193548387098,0.00020038115,0.024095088,0.0012748262,0.04332424,0.038557366,0.010873882,0.9934522,0.0
3638136,0.9993038,9.996364e-07,5.0,0.019085836,0.0024737446,7.0351275e-06,0.509009107989676,0.06996154442458646,0.0,0.5090091093145535,2742.269230769231,0.00013165781,0.02408408,0.0012294048,0.041041315,0.046099916,0.010305945,0.991348,0.0
3639137,0.9993021,9.996363e-07,5.0,0.015843691,0.0025621536,5.8488854e-06,0.1825659952872443,0.07328708523024996,0.0,0.1825659970387477,2979.294117647059,0.00030678688,0.023369787,0.0012809691,0.040027864,0.087502144,0.0256578,0.9895195,0.0
3640136,0.999297,9.996361e-07,5.0,0.020300891,0.0026881578,-5.6091903e-05,0.4702753382180526,0.06970756398397498,0.0,0.47027533796783466,2632.48,0.00012774214,0.022039978,0.0013435425,0.045841098,0.060299516,0.015177502,0.99178374,0.0
3641136,0.99928576,9.996357e-07,5.0,0.014150382,0.0028335683,3.2332384e-06,0.4111541969894559,0.0690086587073401,0.0,0.4111542026322062,2546.2432432432433,0.0002963995,0.024049517,0.0013776331,0.043052293,0.05081029,0.014932215,0.9928806,0.0
3642137,0.99929357,9.996357e-07,5.0,0.011694467,0.0027368562,-2.9490091e-05,0.3848098290163088,0.0676855978252004,0.0,0.38480983233798804,2541.5925925925926,0.0001798709,0.02249403,0.001306423,0.042639688,0.05512304,0.013164711,0.9906852,0.0
3643136,0.99928886,9.996356e-07,5.0,0.0057735844,0.002547031,0.00010574022,-0.06382593037978362,0.054188186239879275,0.0,-0.06382593330389386,1939.1612903225807,0.00027260676,0.024095474,0.0011820969,0.038905617,0.042840965,0.012574514,0.9915431,0.0
3644137,0.999284,9.996355e-07,5.0,0.017471965,0.0025449526,6.265223e-05,0.5214552645892442,0.08194530412695783,0.0,0.5214552663633829,3266.5384615384614,0.00020024156,0.024228573,0.0012332778,0.042456955,0.040158063,0.009401159,0.990189,0.0
3645136,0.9992813,9.996356e-07,5.0,0.019658837,0.002727663,0.00010540559,0.3623622835135133,0.06895346893759866,0.0,0.36236228385578545,2595.1428571428573,0.00022049525,0.022831842,0.0013098625,0.04389534,0.04592476,0.012251586,0.99296665,0.0
3646136,0.9992741,9.996355e-07,5.0,0.023327228,0.0026828435,7.829901e-05,0.6685218520912619,0.07720736261148102,0.0,0.6685218497102248,2869.9655172413795,0.000101163365,0.022819282,0.0012418199,0.04385833,0.039225016,0.010966157,0.9901681,0.0
3647136,0.9992769,9.996355e-07,5.0,0.021215454,0.0026638338,3.6276273e-05,0.4785036971693246,0.07036964862820004,0.0,0.47850370481584276,2564.608695652174,0.00016540407,0.02611835,0.0012969235,0.044632673,0.05825608,0.012826008,0.99135447,0.0
3648136,0.9992811,9.996353e-07,5.0,0.023033282,0.0027795346,2.7165452e-05,0.5821511527162458,0.07700339957019812,0.0,0.5821511497876379,2913.0714285714284,0.00016495706,0.022579253,0.0013768803,0.046272352,0.040870868,0.011187233,0.9911482,0.0
3649136,0.99928504,9.996348e-07,5.0,0.020325068,0.002703745,3.183129e-05,0.45387007982863,0.07726987883409796,0.0,0.45387008503377707,2914.1,0.00019337524,0.02324093,0.0012496609,0.043741144,0.077118814,0.016833715,0.9922708,0.0
3650136,0.99929345,9.996348e-07,5.0,0.016128661,0.0024936849,7.5670905e-06,0.3496642850969574,0.07286152430258327,0.0,0.34966428730826243,2787.304347826087,0.00013221192,0.023769453,0.0011976628,0.041037288,0.068943575,0.016566588,0.9853621,0.0
3651136,0.99929744,9.996348e-07,5.0,0.011019163,0.0024424377,1.4223914e-05,0.33386365917692234,0.06698648032033816,0.0,0.33386366359272873,2505.3478260869565,0.00021861741,0.023346255,0.0012086546,0.038889047,0.04736807,0.011674512,0.98835206,0.0
3652136,0.99929124,9.996348e-07,5.0,0.013056659,0.00258283,5.806222e-05,0.3159045048377105,0.06328091534498312,0.0,0.31590449691189176,2348.735294117647,0.00024697295,0.022474363,0.001217692,0.03880383,0.047146868,0.009579597,0.98879147,0.0
3653136,0.9992832,9.996346e-07,5.0,0.016218035,0.0025887943,3.9380164e-05,0.23237706474561778,0.06537861041502574,0.0,0.23237706410361564,2519.657894736842,0.0002502675,0.02310078,0.0012833743,0.043154866,0.049391814,0.010336649,0.9881147,0.0
3654136,0.9992852,9.996346e-07,5.0,0.01030712,0.0026164255,-0.00012369227,0.25230153357305457,0.06545226498799879,0.0,0.2523015380882513,2409.967741935484,0.00018136075,0.024423512,0.0011767957,0.038398053,0.038779426,0.009220743,0.9932705,0.0
3655136,0.99929833,9.996346e-07,5.0,0.018752998,0.0027845378,-5.4121288e-06,0.3560182214391211,0.07373699287968015,0.0,0.3560182169050075,2861.8333333333335,0.0003555388,0.022391334,0.0014141345,0.043247305,0.040537372,0.01099031,0.99290717,0.0
3656136,0.9992876,9.996346e-07,5.0,0.019941345,0.0026837857,2.3121316e-05,0.569949847223567,0.07313211447908544,0.0,0.5699498490966418,2771.4666666666667,0.00013973759,0.022984343,0.001260682,0.045153245,0.060745455,0.015215524,0.98476565,0.0
3657136,0.9992735,9.996346e-07,5.0,0.014348437,0.002436133,4.755302e-06,0.4025060594232552,0.06926123780128061,0.0,0.40250605404654927,2706.2083333333335,0.00014747735,0.023365341,0.0011251702,0.03926117,0.05164878,0.012813126,0.98921275,0.0
3658137,0.99927354,9.996344e-07,5.0,0.008912834,0.0022283683,6.594585e-05,0.2117557508390746,0.06364675254068668,0.0,0.21175574107250772,2478.7916666666665,0.00016491718,0.023812065,0.0010910869,0.037779152,0.029031053,0.0072233602,0.993144,0.0
3659136,0.9992703,9.99634e-07,5.0,0.0049681435,0.0022975171,2.1489011e-05,0.14567670184172538,0.06596897118965742,0.0,0.1456767120709411,2623.206896551724,0.00025032525,0.02330637,0.0011461056,0.038795874,0.03415701,0.0086211525,0.9910132,0.0
3660136,0.9992566,9.996339e-07,5.0,0.018911382,0.0024104277,8.9848945e-06,0.47636087170610186,0.0744991191529186,0.0,0.4763608696004815,2970.4444444444443,0.00016168502,0.022031158,0.0011782632,0.04101072,0.05194231,0.011053812,0.98514,0.0
3661137,0.999262,9.996339e-07,5.0,0.021462163,0.0024406805,4.6019923e-05,0.5942757176333414,0.07324864816629477,0.0,0.5942757170957262,2944.0,7.930738e-05,0.02478211,0.0011853311,0.041322898,0.03213833,0.008277986,0.9923017,0.0
3662136,0.9992656,9.996339e-07,5.0,0.017667001,0.0025678053,-1.8291783e-05,0.2909043461017973,0.06462212298902159,0.0,0.2909043482425178,2564.34375,0.00025257448,0.023550602,0.0013002983,0.041834585,0.06842892,0.012828695,0.9886936,0.0
3663137,0.9992632,9.996338e-07,5.0,0.011946628,0.0025425798,2.4277511e-05,0.3677063495389302,0.06702726790332235,0.0,0.36770634866883045,2608.24,0.00017466367,0.022230424,0.0011423822,0.040423457,0.040382374,0.012705139,0.99145055,0.0
3664136,0.99925625,9.996338e-07,5.0,0.012553049,0.0025226455,-1.9124212e-05,0.4626153788217683,0.07327561834924078,0.0,0.4626153784891371,2987.766666666667,0.00022322327,0.021606294,0.0012069356,0.04032611,0.04336725,0.008093671,0.9912182,0.0
3665136,0.99925894,9.996337e-07,5.0,0.010397016,0.0027426821,5.7629054e-06,0.24200897050404285,0.06406057889698251,0.0,0.24200897196942966,2548.0882352941176,0.00024460303,0.023053084,0.0013315505,0.040730115,0.039272673,0.009538077,0.9890842,0.0
3666136,0.99926174,9.996335e-07,5.0,0.011974756,0.0027206107,3.9745133e-05,0.32089893510016865,0.068363341258581,0.0,0.3208989392983871,2674.3928571428573,0.00024154584,0.024630904,0.0012348897,0.04161373,0.035705548,0.009244676,0.9914297,0.0
3667136,0.9992634,9.996332e-07,5.0,0.015176687,0.0025321462,4.7398873e-05,0.4485682167786662,0.07135353705881345,0.0,0.4485682145120122,2812.1666666666665,0.00016027258,0.025006756,0.001193439,0.040813297,0.03709467,0.007586794,0.99122834,0.0
3668136,0.9992593,9.996332e-07,5.0,0.021701833,0.0026358138,7.0115944e-05,0.523092355002855,0.07017342958446264,0.0,0.5230923518461159,2853.259259259259,0.00019467919,0.023383759,0.0012362252,0.043364123,0.031006055,0.0076694908,0.9941768,0.0
3669136,0.9992556,9.99633e-07,5.0,0.02096991,0.00277988,7.083256e-05,0.4015876729290061,0.07546452586699927,0.0,0.40158766492466014,2905.8947368421054,0.00033679383,0.022903964,0.0013667324,0.046473287,0.06539128,0.015018267,0.99495363,0.0
3670136,0.9992622,9.99633e-07,5.0,0.018632239,0.0028379674,5.4420616e-05,0.3723783732323776,0.07030928329010655,0.0,0.37237837283317854,2757.0689655172414,0.00011724972,0.022823868,0.0013791136,0.046155374,0.047942605,0.010926014,0.9903433,0.0
3671137,0.99926746,9.996329e-07,5.0,0.020475717,0.0027529628,5.643729e-05,0.5722501588948724,0.07108038866885402,0.0,0.5722501584783025,2689.6363636363635,0.00019199666,0.021771863,0.0012790451,0.044576265,0.06418664,0.016574692,0.9888595,0.0
3672137,0.99926585,9.99633e-07,5.0,0.022960775,0.0026952492,-2.7804748e-05,0.6126998674631977,0.07974210794782266,0.0,0.612699866974908,3003.5,7.0303315e-05,0.024073564,0.0012425622,0.043877877,0.040300116,0.011304063,0.993109,0.0
3673136,0.9992659,9.996327e-07,5.0,0.024056155,0.002648479,-2.1725678e-05,0.5789304496467074,0.07856666314338716,0.0,0.5789304485580956,2991.035714285714,0.00010401162,0.023787297,0.0012396818,0.04335504,0.04904954,0.013364131,0.9905846,0.0
3674137,0.9992576,9.996328e-07,5.0,0.021360574,0.0024469758,4.0471215e-05,0.5373935371606942,0.0783641864202634,0.0,0.537393532300163,3053.75,0.00017003041,0.024171485,0.0011791231,0.04080057,0.04176695,0.009122925,0.9915046,0.0
3675136,0.9992594,9.996327e-07,5.0,0.016134918,0.0024150636,-1.1598608e-05,0.4628583783025988,0.07399007783533307,0.0,0.46285837330420576,2840.21875,0.00010121934,0.023259072,0.0011633227,0.037929762,0.04481356,0.011623209,0.9932165,0.0
3676137,0.99926025,9.996327e-07,5.0,0.017465182,0.0023854065,-2.1753635e-06,0.5876658031433497,0.0665568595501574,0.0,0.5876657986688982,2515.782608695652,0.00012761052,0.024753451,0.001158162,0.04044258,0.07184657,0.014768345,0.98803866,0.0
